1,http://www.hngp.gov.cn/webfile/huiji/cgxx/jggg/webinfo/2017/06/1494846130823820.htm
2,http://www.hngp.gov.cn/webfile/luoyang/zgxx/jggg/webinfo/2017/06/1494846130781347.htm
3,http://www.hngp.gov.cn/webfile/luoyang/zgxx/jggg/webinfo/2017/06/1494846130698463.htm
4,http://www.hngp.gov.cn/webfile/nanyang/cgxx/jggg/webinfo/2017/06/1494846130445581.htm
5,http://www.hngp.gov.cn/webfile/puyang/cgxx/jggg/webinfo/2017/06/1494846130642991.htm
6,http://www.hngp.gov.cn/webfile/puyang/cgxx/jggg/webinfo/2017/06/1494846130529132.htm
7,http://www.hngp.gov.cn/webfile/zhoukou/cgxx/jggg/webinfo/2017/06/1494846130507407.htm
8,http://www.hngp.gov.cn/webfile/xinyang/cgxx/jggg/webinfo/2017/06/1494846130417308.htm
9,http://www.hngp.gov.cn/webfile/xuchang/cgxx/jggg/webinfo/2017/06/1494846130475971.htm
10,http://www.hngp.gov.cn/webfile/jiaozuo/cgxx/jggg/webinfo/2017/06/1494846130463772.htm
11,http://www.hngp.gov.cn/webfile/xinyang/cgxx/jggg/webinfo/2017/06/1494846130158301.htm
12,http://www.hngp.gov.cn/webfile/pdsyx/cgxx/jggg/webinfo/2017/06/1494846130252116.htm
13,http://www.hngp.gov.cn/webfile/jiaozuo/cgxx/jggg/webinfo/2017/06/1494846130189069.htm
14,http://www.hngp.gov.cn/webfile/zhoukou/cgxx/jggg/webinfo/2017/06/1494846130071854.htm
15,http://www.hngp.gov.cn/webfile/hebi/zgxx/jggg/webinfo/2017/06/1494846130022414.htm
16,http://www.hngp.gov.cn/webfile/nanyang/cgxx/jggg/webinfo/2017/06/1494846130744389.htm
17,http://www.hngp.gov.cn/webfile/zhengzhou/cgxx/jggg/webinfo/2017/06/1494846130111393.htm
18,http://www.hngp.gov.cn/webfile/nanyang/cgxx/jggg/webinfo/2017/06/1494846130094873.htm
19,http://www.hngp.gov.cn/webfile/nanyang/cgxx/jggg/webinfo/2017/06/1494846129932496.htm
20,http://www.hngp.gov.cn/webfile/luohe/cgxx/jggg/webinfo/2017/06/1494846129871198.htm
21,http://www.hngp.gov.cn/webfile/luohe/cgxx/jggg/webinfo/2017/06/1494846129816007.htm
22,http://www.hngp.gov.cn/webfile/nanyang/cgxx/jggg/webinfo/2017/06/1494846129869516.htm
23,http://www.hngp.gov.cn/webfile/zhoukou/cgxx/jggg/webinfo/2017/06/1494846129797188.htm
24,http://www.hngp.gov.cn/webfile/jiaozuo/cgxx/jggg/webinfo/2017/06/1494846129569023.htm
25,http://www.hngp.gov.cn/webfile/jiaozuo/cgxx/jggg/webinfo/2017/06/1494846130435608.htm
26,http://www.hngp.gov.cn/webfile/xinyang/cgxx/jggg/webinfo/2017/06/1494846129655883.htm
27,http://www.hngp.gov.cn/webfile/zhumadian/cgxx/jggg/webinfo/2017/06/1494846129660186.htm
28,http://www.hngp.gov.cn/webfile/zhumadian/cgxx/jggg/webinfo/2017/06/1494846130394567.htm
29,http://www.hngp.gov.cn/webfile/zhumadian/cgxx/jggg/webinfo/2017/06/1494846130389074.htm
30,http://www.hngp.gov.cn/webfile/luoyang/zgxx/jggg/webinfo/2017/06/1494846130257825.htm
31,http://www.hngp.gov.cn/webfile/zhongmou/cgxx/jggg/webinfo/2017/06/1494846130083554.htm
32,http://www.hngp.gov.cn/webfile/kaifeng/cgxx/jggg/webinfo/2017/06/1494846129531107.htm
33,http://www.hngp.gov.cn/webfile/luohe/cgxx/jggg/webinfo/2017/06/1494846130105152.htm
34,http://www.hngp.gov.cn/webfile/kaifeng/cgxx/jggg/webinfo/2017/06/1494846129582828.htm
35,http://www.hngp.gov.cn/webfile/jiaozuo/cgxx/jggg/webinfo/2017/06/1494846129490727.htm
36,http://www.hngp.gov.cn/webfile/luoyang/zgxx/jggg/webinfo/2017/06/1494846129567180.htm
37,http://www.hngp.gov.cn/webfile/nanyang/cgxx/jggg/webinfo/2017/06/1494846130030341.htm
38,http://www.hngp.gov.cn/webfile/pdsbfx/cgxx/jggg/webinfo/2017/06/1494846129510361.htm
39,http://www.hngp.gov.cn/webfile/nanyang/cgxx/jggg/webinfo/2017/06/1494846129959533.htm
40,http://www.hngp.gov.cn/webfile/jiaozuo/cgxx/jggg/webinfo/2017/06/1494846130044256.htm
41,http://www.hngp.gov.cn/webfile/sanmenxia/cgxx/jggg/webinfo/2017/06/1494846128415419.htm
42,http://www.hngp.gov.cn/webfile/sanmenxia/cgxx/jggg/webinfo/2017/06/1494846127386143.htm
43,http://www.hngp.gov.cn/webfile/sanmenxia/cgxx/jggg/webinfo/2017/06/1494846128391779.htm
44,http://www.hngp.gov.cn/webfile/luoyang/zgxx/jggg/webinfo/2017/06/1494846127602721.htm
45,http://www.hngp.gov.cn/webfile/shangqiu/cgxx/jggg/webinfo/2017/06/1494846128341764.htm
46,http://www.hngp.gov.cn/webfile/zhengzhou/cgxx/jggg/webinfo/2017/06/1494846128362394.htm
47,http://www.hngp.gov.cn/webfile/anyang/cgxx/jggg/webinfo/2017/06/1494846127552326.htm
48,http://www.hngp.gov.cn/webfile/zhumadian/cgxx/jggg/webinfo/2017/06/1494846126883499.htm
49,http://www.hngp.gov.cn/webfile/hebi/zgxx/jggg/webinfo/2017/06/1494846128318949.htm
50,http://www.hngp.gov.cn/webfile/ruyang/cgxx/jggg/webinfo/2017/06/1494846127547936.htm
51,http://www.hngp.gov.cn/webfile/zhongyuan/cgxx/jggg/webinfo/2017/06/1494846127499651.htm
52,http://www.hngp.gov.cn/webfile/luoyang/zgxx/jggg/webinfo/2017/06/1494846128330491.htm
53,http://www.hngp.gov.cn/webfile/luohe/cgxx/jggg/webinfo/2017/06/1494846128299607.htm
54,http://www.hngp.gov.cn/webfile/ruyang/cgxx/jggg/webinfo/2017/06/1494846127450802.htm
55,http://www.hngp.gov.cn/webfile/hebi/zgxx/jggg/webinfo/2017/06/1494846128265464.htm
56,http://www.hngp.gov.cn/webfile/zhumadian/cgxx/jggg/webinfo/2017/06/1494846127232284.htm
57,http://www.hngp.gov.cn/webfile/ruyang/cgxx/jggg/webinfo/2017/06/1494846127149622.htm
58,http://www.hngp.gov.cn/webfile/luoyang/zgxx/jggg/webinfo/2017/06/1494846128253099.htm
59,http://www.hngp.gov.cn/webfile/sanmenxia/cgxx/jggg/webinfo/2017/06/1494846127333907.htm
60,http://www.hngp.gov.cn/webfile/hebi/zgxx/jggg/webinfo/2017/06/1494846128093553.htm
61,http://www.hngp.gov.cn/webfile/xinxiang/cgxx/jggg/webinfo/2017/06/1494846127710840.htm
62,http://www.hngp.gov.cn/webfile/xinxiang/cgxx/jggg/webinfo/2017/06/1494846126657836.htm
63,http://www.hngp.gov.cn/webfile/zhengzhou/cgxx/jggg/webinfo/2017/06/1494846127234786.htm
64,http://www.hngp.gov.cn/webfile/pingdingshan/cgxx/jggg/webinfo/2017/06/1494846127161373.htm
65,http://www.hngp.gov.cn/webfile/sanmenxia/cgxx/jggg/webinfo/2017/06/1494846127776311.htm
66,http://www.hngp.gov.cn/webfile/zhumadian/cgxx/jggg/webinfo/2017/06/1494846127917029.htm
67,http://www.hngp.gov.cn/webfile/sanmenxia/cgxx/jggg/webinfo/2017/06/1494846127932387.htm
68,http://www.hngp.gov.cn/webfile/luohe/cgxx/jggg/webinfo/2017/06/1494846127975948.htm
69,http://www.hngp.gov.cn/webfile/anyang/cgxx/jggg/webinfo/2017/06/1494846127951067.htm
70,http://www.hngp.gov.cn/webfile/zhumadian/cgxx/jggg/webinfo/2017/06/1494846127906487.htm
71,http://www.hngp.gov.cn/webfile/xinxiang/cgxx/jggg/webinfo/2017/06/1494846127780886.htm
72,http://www.hngp.gov.cn/webfile/gongyi/cgxx/jggg/webinfo/2017/06/1494846126919240.htm
