1,http://www.hngp.gov.cn/henan/ggcx?appCode=H60&channelCode=0102&pageSize=30&pageNo=1
2,http://www.hngp.gov.cn/henan/ggcx?appCode=H60&channelCode=0102&bz=0&pageSize=30&pageNo=2
3,http://www.hngp.gov.cn/henan/ggcx?appCode=H60&channelCode=0102&bz=0&pageSize=30&pageNo=3
4,http://www.hngp.gov.cn/henan/ggcx?appCode=H60&channelCode=0102&bz=0&pageSize=30&pageNo=4
5,http://www.hngp.gov.cn/henan/ggcx?appCode=H60&channelCode=0102&bz=0&pageSize=30&pageNo=5
6,http://www.hngp.gov.cn/henan/ggcx?appCode=H60&channelCode=0102&bz=0&pageSize=30&pageNo=6
7,http://www.hngp.gov.cn/henan/ggcx?appCode=H60&channelCode=0102&bz=0&pageSize=30&pageNo=7
8,http://www.hngp.gov.cn/henan/ggcx?appCode=H60&channelCode=0102&bz=0&pageSize=30&pageNo=8
9,http://www.hngp.gov.cn/henan/ggcx?appCode=H60&channelCode=0102&bz=0&pageSize=30&pageNo=9
10,http://www.hngp.gov.cn/henan/ggcx?appCode=H60&channelCode=0102&bz=0&pageSize=30&pageNo=10
11,http://www.hngp.gov.cn/henan/ggcx?appCode=H60&channelCode=0102&bz=0&pageSize=30&pageNo=11
12,http://www.hngp.gov.cn/henan/ggcx?appCode=H60&channelCode=0102&bz=0&pageSize=30&pageNo=12
13,http://www.hngp.gov.cn/henan/ggcx?appCode=H60&channelCode=0102&bz=0&pageSize=30&pageNo=13
14,http://www.hngp.gov.cn/henan/ggcx?appCode=H60&channelCode=0102&bz=0&pageSize=30&pageNo=14
15,http://www.hngp.gov.cn/henan/ggcx?appCode=H60&channelCode=0102&bz=0&pageSize=30&pageNo=15
16,http://www.hngp.gov.cn/henan/ggcx?appCode=H60&channelCode=0102&bz=0&pageSize=30&pageNo=16
17,http://www.hngp.gov.cn/henan/ggcx?appCode=H60&channelCode=0102&bz=0&pageSize=30&pageNo=17
18,http://www.hngp.gov.cn/henan/ggcx?appCode=H60&channelCode=0102&bz=0&pageSize=30&pageNo=18
19,http://www.hngp.gov.cn/henan/ggcx?appCode=H60&channelCode=0102&bz=0&pageSize=30&pageNo=19
20,http://www.hngp.gov.cn/henan/ggcx?appCode=H60&channelCode=0102&bz=0&pageSize=30&pageNo=20
21,http://www.hngp.gov.cn/henan/ggcx?appCode=H60&channelCode=0102&bz=0&pageSize=30&pageNo=21
22,http://www.hngp.gov.cn/henan/ggcx?appCode=H60&channelCode=0102&bz=0&pageSize=30&pageNo=22
23,http://www.hngp.gov.cn/henan/ggcx?appCode=H60&channelCode=0102&bz=0&pageSize=30&pageNo=23
24,http://www.hngp.gov.cn/henan/ggcx?appCode=H60&channelCode=0102&bz=0&pageSize=30&pageNo=24
25,http://www.hngp.gov.cn/henan/ggcx?appCode=H60&channelCode=0102&bz=0&pageSize=30&pageNo=25
26,http://www.hngp.gov.cn/henan/ggcx?appCode=H60&channelCode=0102&bz=0&pageSize=30&pageNo=26
27,http://www.hngp.gov.cn/henan/ggcx?appCode=H60&channelCode=0102&bz=0&pageSize=30&pageNo=27
28,http://www.hngp.gov.cn/henan/ggcx?appCode=H60&channelCode=0102&bz=0&pageSize=30&pageNo=28
29,http://www.hngp.gov.cn/henan/ggcx?appCode=H60&channelCode=0102&bz=0&pageSize=30&pageNo=29
30,http://www.hngp.gov.cn/henan/ggcx?appCode=H60&channelCode=0102&bz=0&pageSize=30&pageNo=30
31,http://www.hngp.gov.cn/henan/ggcx?appCode=H60&channelCode=0102&bz=0&pageSize=30&pageNo=31
32,http://www.hngp.gov.cn/henan/ggcx?appCode=H60&channelCode=0102&bz=0&pageSize=30&pageNo=32
33,http://www.hngp.gov.cn/henan/ggcx?appCode=H60&channelCode=0102&bz=0&pageSize=30&pageNo=33
34,http://www.hngp.gov.cn/henan/ggcx?appCode=H60&channelCode=0102&bz=0&pageSize=30&pageNo=34
35,http://www.hngp.gov.cn/henan/ggcx?appCode=H60&channelCode=0102&bz=0&pageSize=30&pageNo=35
36,http://www.hngp.gov.cn/henan/ggcx?appCode=H60&channelCode=0102&bz=0&pageSize=30&pageNo=36
37,http://www.hngp.gov.cn/henan/ggcx?appCode=H60&channelCode=0102&bz=0&pageSize=30&pageNo=37
38,http://www.hngp.gov.cn/henan/ggcx?appCode=H60&channelCode=0102&bz=0&pageSize=30&pageNo=38
39,http://www.hngp.gov.cn/henan/ggcx?appCode=H60&channelCode=0102&bz=0&pageSize=30&pageNo=39
40,http://www.hngp.gov.cn/henan/ggcx?appCode=H60&channelCode=0102&bz=0&pageSize=30&pageNo=40
41,http://www.hngp.gov.cn/henan/ggcx?appCode=H60&channelCode=0102&bz=0&pageSize=30&pageNo=41
42,http://www.hngp.gov.cn/henan/ggcx?appCode=H60&channelCode=0102&bz=0&pageSize=30&pageNo=42
43,http://www.hngp.gov.cn/henan/ggcx?appCode=H60&channelCode=0102&bz=0&pageSize=30&pageNo=43
44,http://www.hngp.gov.cn/henan/ggcx?appCode=H60&channelCode=0102&bz=0&pageSize=30&pageNo=44
45,http://www.hngp.gov.cn/henan/ggcx?appCode=H60&channelCode=0102&bz=0&pageSize=30&pageNo=45
46,http://www.hngp.gov.cn/henan/ggcx?appCode=H60&channelCode=0102&bz=0&pageSize=30&pageNo=46
47,http://www.hngp.gov.cn/henan/ggcx?appCode=H60&channelCode=0102&bz=0&pageSize=30&pageNo=47
48,http://www.hngp.gov.cn/henan/ggcx?appCode=H60&channelCode=0102&bz=0&pageSize=30&pageNo=48
49,http://www.hngp.gov.cn/henan/ggcx?appCode=H60&channelCode=0102&bz=0&pageSize=30&pageNo=49
50,http://www.hngp.gov.cn/henan/ggcx?appCode=H60&channelCode=0102&bz=0&pageSize=30&pageNo=50
51,http://www.hngp.gov.cn/henan/ggcx?appCode=H60&channelCode=0102&bz=0&pageSize=30&pageNo=51
52,http://www.hngp.gov.cn/henan/ggcx?appCode=H60&channelCode=0102&bz=0&pageSize=30&pageNo=52
53,http://www.hngp.gov.cn/henan/ggcx?appCode=H60&channelCode=0102&bz=0&pageSize=30&pageNo=53
54,http://www.hngp.gov.cn/henan/ggcx?appCode=H60&channelCode=0102&bz=0&pageSize=30&pageNo=54
55,http://www.hngp.gov.cn/henan/ggcx?appCode=H60&channelCode=0102&bz=0&pageSize=30&pageNo=55
56,http://www.hngp.gov.cn/henan/ggcx?appCode=H60&channelCode=0102&bz=0&pageSize=30&pageNo=56
57,http://www.hngp.gov.cn/henan/ggcx?appCode=H60&channelCode=0102&bz=0&pageSize=30&pageNo=57
58,http://www.hngp.gov.cn/henan/ggcx?appCode=H60&channelCode=0102&bz=0&pageSize=30&pageNo=58
59,http://www.hngp.gov.cn/henan/ggcx?appCode=H60&channelCode=0102&bz=0&pageSize=30&pageNo=59
60,http://www.hngp.gov.cn/henan/ggcx?appCode=H60&channelCode=0102&bz=0&pageSize=30&pageNo=60
61,http://www.hngp.gov.cn/henan/ggcx?appCode=H60&channelCode=0102&bz=0&pageSize=30&pageNo=61
62,http://www.hngp.gov.cn/henan/ggcx?appCode=H60&channelCode=0102&bz=0&pageSize=30&pageNo=62
63,http://www.hngp.gov.cn/henan/ggcx?appCode=H60&channelCode=0102&bz=0&pageSize=30&pageNo=63
64,http://www.hngp.gov.cn/henan/ggcx?appCode=H60&channelCode=0102&bz=0&pageSize=30&pageNo=64
65,http://www.hngp.gov.cn/henan/ggcx?appCode=H60&channelCode=0102&bz=0&pageSize=30&pageNo=65
66,http://www.hngp.gov.cn/henan/ggcx?appCode=H60&channelCode=0102&bz=0&pageSize=30&pageNo=66
67,http://www.hngp.gov.cn/henan/ggcx?appCode=H60&channelCode=0102&bz=0&pageSize=30&pageNo=67
68,http://www.hngp.gov.cn/henan/ggcx?appCode=H60&channelCode=0102&bz=0&pageSize=30&pageNo=68
69,http://www.hngp.gov.cn/henan/ggcx?appCode=H60&channelCode=0102&bz=0&pageSize=30&pageNo=69
70,http://www.hngp.gov.cn/henan/ggcx?appCode=H60&channelCode=0102&bz=0&pageSize=30&pageNo=70
71,http://www.hngp.gov.cn/henan/ggcx?appCode=H60&channelCode=0102&bz=0&pageSize=30&pageNo=71
72,http://www.hngp.gov.cn/henan/ggcx?appCode=H60&channelCode=0102&bz=0&pageSize=30&pageNo=72
73,http://www.hngp.gov.cn/henan/ggcx?appCode=H60&channelCode=0102&bz=0&pageSize=30&pageNo=73
74,http://www.hngp.gov.cn/henan/ggcx?appCode=H60&channelCode=0102&bz=0&pageSize=30&pageNo=74
75,http://www.hngp.gov.cn/henan/ggcx?appCode=H60&channelCode=0102&bz=0&pageSize=30&pageNo=75
76,http://www.hngp.gov.cn/henan/ggcx?appCode=H60&channelCode=0102&bz=0&pageSize=30&pageNo=76
77,http://www.hngp.gov.cn/henan/ggcx?appCode=H60&channelCode=0102&bz=0&pageSize=30&pageNo=77
78,http://www.hngp.gov.cn/henan/ggcx?appCode=H60&channelCode=0102&bz=0&pageSize=30&pageNo=78
79,http://www.hngp.gov.cn/henan/ggcx?appCode=H60&channelCode=0102&bz=0&pageSize=30&pageNo=79
80,http://www.hngp.gov.cn/henan/ggcx?appCode=H60&channelCode=0102&bz=0&pageSize=30&pageNo=80
81,http://www.hngp.gov.cn/henan/ggcx?appCode=H60&channelCode=0102&bz=0&pageSize=30&pageNo=81
82,http://www.hngp.gov.cn/henan/ggcx?appCode=H60&channelCode=0102&bz=0&pageSize=30&pageNo=82
83,http://www.hngp.gov.cn/henan/ggcx?appCode=H60&channelCode=0102&bz=0&pageSize=30&pageNo=83
84,http://www.hngp.gov.cn/henan/ggcx?appCode=H60&channelCode=0102&bz=0&pageSize=30&pageNo=84
85,http://www.hngp.gov.cn/henan/ggcx?appCode=H60&channelCode=0102&bz=0&pageSize=30&pageNo=85
86,http://www.hngp.gov.cn/henan/ggcx?appCode=H60&channelCode=0102&bz=0&pageSize=30&pageNo=86
87,http://www.hngp.gov.cn/henan/ggcx?appCode=H60&channelCode=0102&bz=0&pageSize=30&pageNo=87
88,http://www.hngp.gov.cn/henan/ggcx?appCode=H60&channelCode=0102&bz=0&pageSize=30&pageNo=88
89,http://www.hngp.gov.cn/henan/ggcx?appCode=H60&channelCode=0102&bz=0&pageSize=30&pageNo=89
90,http://www.hngp.gov.cn/henan/ggcx?appCode=H60&channelCode=0102&bz=0&pageSize=30&pageNo=90
91,http://www.hngp.gov.cn/henan/ggcx?appCode=H60&channelCode=0102&bz=0&pageSize=30&pageNo=91
92,http://www.hngp.gov.cn/henan/ggcx?appCode=H60&channelCode=0102&bz=0&pageSize=30&pageNo=92
93,http://www.hngp.gov.cn/henan/ggcx?appCode=H60&channelCode=0102&bz=0&pageSize=30&pageNo=93
94,http://www.hngp.gov.cn/henan/ggcx?appCode=H60&channelCode=0102&bz=0&pageSize=30&pageNo=94
95,http://www.hngp.gov.cn/henan/ggcx?appCode=H60&channelCode=0102&bz=0&pageSize=30&pageNo=95
96,http://www.hngp.gov.cn/henan/ggcx?appCode=H60&channelCode=0102&bz=0&pageSize=30&pageNo=96
97,http://www.hngp.gov.cn/henan/ggcx?appCode=H60&channelCode=0102&bz=0&pageSize=30&pageNo=97
98,http://www.hngp.gov.cn/henan/ggcx?appCode=H60&channelCode=0102&bz=0&pageSize=30&pageNo=98
99,http://www.hngp.gov.cn/henan/ggcx?appCode=H60&channelCode=0102&bz=0&pageSize=30&pageNo=99
100,http://www.hngp.gov.cn/henan/ggcx?appCode=H60&channelCode=0102&bz=0&pageSize=30&pageNo=100
101,http://www.hngp.gov.cn/henan/ggcx?appCode=H60&channelCode=0102&bz=0&pageSize=30&pageNo=101
102,http://www.hngp.gov.cn/henan/ggcx?appCode=H60&channelCode=0102&bz=0&pageSize=30&pageNo=102
103,http://www.hngp.gov.cn/henan/ggcx?appCode=H60&channelCode=0102&bz=0&pageSize=30&pageNo=103
104,http://www.hngp.gov.cn/henan/ggcx?appCode=H60&channelCode=0102&bz=0&pageSize=30&pageNo=104
105,http://www.hngp.gov.cn/henan/ggcx?appCode=H60&channelCode=0102&bz=0&pageSize=30&pageNo=105
106,http://www.hngp.gov.cn/henan/ggcx?appCode=H60&channelCode=0102&bz=0&pageSize=30&pageNo=106
107,http://www.hngp.gov.cn/henan/ggcx?appCode=H60&channelCode=0102&bz=0&pageSize=30&pageNo=107
108,http://www.hngp.gov.cn/henan/ggcx?appCode=H60&channelCode=0102&bz=0&pageSize=30&pageNo=108
109,http://www.hngp.gov.cn/henan/ggcx?appCode=H60&channelCode=0102&bz=0&pageSize=30&pageNo=109
110,http://www.hngp.gov.cn/henan/ggcx?appCode=H60&channelCode=0102&bz=0&pageSize=30&pageNo=110
111,http://www.hngp.gov.cn/henan/ggcx?appCode=H60&channelCode=0102&bz=0&pageSize=30&pageNo=111
112,http://www.hngp.gov.cn/henan/ggcx?appCode=H60&channelCode=0102&bz=0&pageSize=30&pageNo=112
113,http://www.hngp.gov.cn/henan/ggcx?appCode=H60&channelCode=0102&bz=0&pageSize=30&pageNo=113
114,http://www.hngp.gov.cn/henan/ggcx?appCode=H60&channelCode=0102&bz=0&pageSize=30&pageNo=114
115,http://www.hngp.gov.cn/henan/ggcx?appCode=H60&channelCode=0102&bz=0&pageSize=30&pageNo=115
116,http://www.hngp.gov.cn/henan/ggcx?appCode=H60&channelCode=0102&bz=0&pageSize=30&pageNo=116
117,http://www.hngp.gov.cn/henan/ggcx?appCode=H60&channelCode=0102&bz=0&pageSize=30&pageNo=117
118,http://www.hngp.gov.cn/henan/ggcx?appCode=H60&channelCode=0102&bz=0&pageSize=30&pageNo=118
119,http://www.hngp.gov.cn/henan/ggcx?appCode=H60&channelCode=0102&bz=0&pageSize=30&pageNo=119
120,http://www.hngp.gov.cn/henan/ggcx?appCode=H60&channelCode=0102&bz=0&pageSize=30&pageNo=120
121,http://www.hngp.gov.cn/henan/ggcx?appCode=H60&channelCode=0102&bz=0&pageSize=30&pageNo=121
122,http://www.hngp.gov.cn/henan/ggcx?appCode=H60&channelCode=0102&bz=0&pageSize=30&pageNo=122
123,http://www.hngp.gov.cn/henan/ggcx?appCode=H60&channelCode=0102&bz=0&pageSize=30&pageNo=123
124,http://www.hngp.gov.cn/henan/ggcx?appCode=H60&channelCode=0102&bz=0&pageSize=30&pageNo=124
125,http://www.hngp.gov.cn/henan/ggcx?appCode=H60&channelCode=0102&bz=0&pageSize=30&pageNo=125
126,http://www.hngp.gov.cn/henan/ggcx?appCode=H60&channelCode=0102&bz=0&pageSize=30&pageNo=126
127,http://www.hngp.gov.cn/henan/ggcx?appCode=H60&channelCode=0102&bz=0&pageSize=30&pageNo=127
128,http://www.hngp.gov.cn/henan/ggcx?appCode=H60&channelCode=0102&bz=0&pageSize=30&pageNo=128
129,http://www.hngp.gov.cn/henan/ggcx?appCode=H60&channelCode=0102&bz=0&pageSize=30&pageNo=129
130,http://www.hngp.gov.cn/henan/ggcx?appCode=H60&channelCode=0102&bz=0&pageSize=30&pageNo=130
131,http://www.hngp.gov.cn/henan/ggcx?appCode=H60&channelCode=0102&bz=0&pageSize=30&pageNo=131
132,http://www.hngp.gov.cn/henan/ggcx?appCode=H60&channelCode=0102&bz=0&pageSize=30&pageNo=132
133,http://www.hngp.gov.cn/henan/ggcx?appCode=H60&channelCode=0102&bz=0&pageSize=30&pageNo=133
134,http://www.hngp.gov.cn/henan/ggcx?appCode=H60&channelCode=0102&bz=0&pageSize=30&pageNo=134
135,http://www.hngp.gov.cn/henan/ggcx?appCode=H60&channelCode=0102&bz=0&pageSize=30&pageNo=135
136,http://www.hngp.gov.cn/henan/ggcx?appCode=H60&channelCode=0102&bz=0&pageSize=30&pageNo=136
137,http://www.hngp.gov.cn/henan/ggcx?appCode=H60&channelCode=0102&bz=0&pageSize=30&pageNo=137
138,http://www.hngp.gov.cn/henan/ggcx?appCode=H60&channelCode=0102&bz=0&pageSize=30&pageNo=138
139,http://www.hngp.gov.cn/henan/ggcx?appCode=H60&channelCode=0102&bz=0&pageSize=30&pageNo=139
140,http://www.hngp.gov.cn/henan/ggcx?appCode=H60&channelCode=0102&bz=0&pageSize=30&pageNo=140
141,http://www.hngp.gov.cn/henan/ggcx?appCode=H60&channelCode=0102&bz=0&pageSize=30&pageNo=141
142,http://www.hngp.gov.cn/henan/ggcx?appCode=H60&channelCode=0102&bz=0&pageSize=30&pageNo=142
143,http://www.hngp.gov.cn/henan/ggcx?appCode=H60&channelCode=0102&bz=0&pageSize=30&pageNo=143
144,http://www.hngp.gov.cn/henan/ggcx?appCode=H60&channelCode=0102&bz=0&pageSize=30&pageNo=144
145,http://www.hngp.gov.cn/henan/ggcx?appCode=H60&channelCode=0102&bz=0&pageSize=30&pageNo=145
146,http://www.hngp.gov.cn/henan/ggcx?appCode=H60&channelCode=0102&bz=0&pageSize=30&pageNo=146
147,http://www.hngp.gov.cn/henan/ggcx?appCode=H60&channelCode=0102&bz=0&pageSize=30&pageNo=147
148,http://www.hngp.gov.cn/henan/ggcx?appCode=H60&channelCode=0102&bz=0&pageSize=30&pageNo=148
149,http://www.hngp.gov.cn/henan/ggcx?appCode=H60&channelCode=0102&bz=0&pageSize=30&pageNo=149
150,http://www.hngp.gov.cn/henan/ggcx?appCode=H60&channelCode=0102&bz=0&pageSize=30&pageNo=150
151,http://www.hngp.gov.cn/henan/ggcx?appCode=H60&channelCode=0102&bz=0&pageSize=30&pageNo=151
152,http://www.hngp.gov.cn/henan/ggcx?appCode=H60&channelCode=0102&bz=0&pageSize=30&pageNo=152
153,http://www.hngp.gov.cn/henan/ggcx?appCode=H60&channelCode=0102&bz=0&pageSize=30&pageNo=153
154,http://www.hngp.gov.cn/henan/ggcx?appCode=H60&channelCode=0102&bz=0&pageSize=30&pageNo=154
155,http://www.hngp.gov.cn/henan/ggcx?appCode=H60&channelCode=0102&bz=0&pageSize=30&pageNo=155
156,http://www.hngp.gov.cn/henan/ggcx?appCode=H60&channelCode=0102&bz=0&pageSize=30&pageNo=156
157,http://www.hngp.gov.cn/henan/ggcx?appCode=H60&channelCode=0102&bz=0&pageSize=30&pageNo=157
158,http://www.hngp.gov.cn/henan/ggcx?appCode=H60&channelCode=0102&bz=0&pageSize=30&pageNo=158
159,http://www.hngp.gov.cn/henan/ggcx?appCode=H60&channelCode=0102&bz=0&pageSize=30&pageNo=159
160,http://www.hngp.gov.cn/henan/ggcx?appCode=H60&channelCode=0102&bz=0&pageSize=30&pageNo=160
161,http://www.hngp.gov.cn/henan/ggcx?appCode=H60&channelCode=0102&bz=0&pageSize=30&pageNo=161
162,http://www.hngp.gov.cn/henan/ggcx?appCode=H60&channelCode=0102&bz=0&pageSize=30&pageNo=162
163,http://www.hngp.gov.cn/henan/ggcx?appCode=H60&channelCode=0102&bz=0&pageSize=30&pageNo=163
164,http://www.hngp.gov.cn/henan/ggcx?appCode=H60&channelCode=0102&bz=0&pageSize=30&pageNo=164
165,http://www.hngp.gov.cn/henan/ggcx?appCode=H60&channelCode=0102&bz=0&pageSize=30&pageNo=165
166,http://www.hngp.gov.cn/henan/ggcx?appCode=H60&channelCode=0102&bz=0&pageSize=30&pageNo=166
167,http://www.hngp.gov.cn/henan/ggcx?appCode=H60&channelCode=0102&bz=0&pageSize=30&pageNo=167
168,http://www.hngp.gov.cn/henan/ggcx?appCode=H60&channelCode=0102&bz=0&pageSize=30&pageNo=168
169,http://www.hngp.gov.cn/henan/ggcx?appCode=H60&channelCode=0102&bz=0&pageSize=30&pageNo=169
170,http://www.hngp.gov.cn/henan/ggcx?appCode=H60&channelCode=0102&bz=0&pageSize=30&pageNo=170
171,http://www.hngp.gov.cn/henan/ggcx?appCode=H60&channelCode=0102&bz=0&pageSize=30&pageNo=171
172,http://www.hngp.gov.cn/henan/ggcx?appCode=H60&channelCode=0102&bz=0&pageSize=30&pageNo=172
173,http://www.hngp.gov.cn/henan/ggcx?appCode=H60&channelCode=0102&bz=0&pageSize=30&pageNo=173
174,http://www.hngp.gov.cn/henan/ggcx?appCode=H60&channelCode=0102&bz=0&pageSize=30&pageNo=174
175,http://www.hngp.gov.cn/henan/ggcx?appCode=H60&channelCode=0102&bz=0&pageSize=30&pageNo=175
176,http://www.hngp.gov.cn/henan/ggcx?appCode=H60&channelCode=0102&bz=0&pageSize=30&pageNo=176
177,http://www.hngp.gov.cn/henan/ggcx?appCode=H60&channelCode=0102&bz=0&pageSize=30&pageNo=177
178,http://www.hngp.gov.cn/henan/ggcx?appCode=H60&channelCode=0102&bz=0&pageSize=30&pageNo=178
179,http://www.hngp.gov.cn/henan/ggcx?appCode=H60&channelCode=0102&bz=0&pageSize=30&pageNo=179
180,http://www.hngp.gov.cn/henan/ggcx?appCode=H60&channelCode=0102&bz=0&pageSize=30&pageNo=180
181,http://www.hngp.gov.cn/henan/ggcx?appCode=H60&channelCode=0102&bz=0&pageSize=30&pageNo=181
182,http://www.hngp.gov.cn/henan/ggcx?appCode=H60&channelCode=0102&bz=0&pageSize=30&pageNo=182
183,http://www.hngp.gov.cn/henan/ggcx?appCode=H60&channelCode=0102&bz=0&pageSize=30&pageNo=183
184,http://www.hngp.gov.cn/henan/ggcx?appCode=H60&channelCode=0102&bz=0&pageSize=30&pageNo=184
185,http://www.hngp.gov.cn/henan/ggcx?appCode=H60&channelCode=0102&bz=0&pageSize=30&pageNo=185
186,http://www.hngp.gov.cn/henan/ggcx?appCode=H60&channelCode=0102&bz=0&pageSize=30&pageNo=186
187,http://www.hngp.gov.cn/henan/ggcx?appCode=H60&channelCode=0102&bz=0&pageSize=30&pageNo=187
188,http://www.hngp.gov.cn/henan/ggcx?appCode=H60&channelCode=0102&bz=0&pageSize=30&pageNo=188
189,http://www.hngp.gov.cn/henan/ggcx?appCode=H60&channelCode=0102&bz=0&pageSize=30&pageNo=189
190,http://www.hngp.gov.cn/henan/ggcx?appCode=H60&channelCode=0102&bz=0&pageSize=30&pageNo=190
191,http://www.hngp.gov.cn/henan/ggcx?appCode=H60&channelCode=0102&bz=0&pageSize=30&pageNo=191
192,http://www.hngp.gov.cn/henan/ggcx?appCode=H60&channelCode=0102&bz=0&pageSize=30&pageNo=192
193,http://www.hngp.gov.cn/henan/ggcx?appCode=H60&channelCode=0102&bz=0&pageSize=30&pageNo=193
194,http://www.hngp.gov.cn/henan/ggcx?appCode=H60&channelCode=0102&bz=0&pageSize=30&pageNo=194
195,http://www.hngp.gov.cn/henan/ggcx?appCode=H60&channelCode=0102&bz=0&pageSize=30&pageNo=195
196,http://www.hngp.gov.cn/henan/ggcx?appCode=H60&channelCode=0102&bz=0&pageSize=30&pageNo=196
197,http://www.hngp.gov.cn/henan/ggcx?appCode=H60&channelCode=0102&bz=0&pageSize=30&pageNo=197
198,http://www.hngp.gov.cn/henan/ggcx?appCode=H60&channelCode=0102&bz=0&pageSize=30&pageNo=198
199,http://www.hngp.gov.cn/henan/ggcx?appCode=H60&channelCode=0102&bz=0&pageSize=30&pageNo=199
200,http://www.hngp.gov.cn/henan/ggcx?appCode=H60&channelCode=0102&bz=0&pageSize=30&pageNo=200
201,http://www.hngp.gov.cn/henan/ggcx?appCode=H60&channelCode=0102&bz=0&pageSize=30&pageNo=201
202,http://www.hngp.gov.cn/henan/ggcx?appCode=H60&channelCode=0102&bz=0&pageSize=30&pageNo=202
203,http://www.hngp.gov.cn/henan/ggcx?appCode=H60&channelCode=0102&bz=0&pageSize=30&pageNo=203
204,http://www.hngp.gov.cn/henan/ggcx?appCode=H60&channelCode=0102&bz=0&pageSize=30&pageNo=204
205,http://www.hngp.gov.cn/henan/ggcx?appCode=H60&channelCode=0102&bz=0&pageSize=30&pageNo=205
206,http://www.hngp.gov.cn/henan/ggcx?appCode=H60&channelCode=0102&bz=0&pageSize=30&pageNo=206
207,http://www.hngp.gov.cn/henan/ggcx?appCode=H60&channelCode=0102&bz=0&pageSize=30&pageNo=207
208,http://www.hngp.gov.cn/henan/ggcx?appCode=H60&channelCode=0102&bz=0&pageSize=30&pageNo=208
209,http://www.hngp.gov.cn/henan/ggcx?appCode=H60&channelCode=0102&bz=0&pageSize=30&pageNo=209
210,http://www.hngp.gov.cn/henan/ggcx?appCode=H60&channelCode=0102&bz=0&pageSize=30&pageNo=210
211,http://www.hngp.gov.cn/henan/ggcx?appCode=H60&channelCode=0102&bz=0&pageSize=30&pageNo=211
212,http://www.hngp.gov.cn/henan/ggcx?appCode=H60&channelCode=0102&bz=0&pageSize=30&pageNo=212
213,http://www.hngp.gov.cn/henan/ggcx?appCode=H60&channelCode=0102&bz=0&pageSize=30&pageNo=213
214,http://www.hngp.gov.cn/henan/ggcx?appCode=H60&channelCode=0102&bz=0&pageSize=30&pageNo=214
215,http://www.hngp.gov.cn/henan/ggcx?appCode=H60&channelCode=0102&bz=0&pageSize=30&pageNo=215
216,http://www.hngp.gov.cn/henan/ggcx?appCode=H60&channelCode=0102&bz=0&pageSize=30&pageNo=216
217,http://www.hngp.gov.cn/henan/ggcx?appCode=H60&channelCode=0102&bz=0&pageSize=30&pageNo=217
218,http://www.hngp.gov.cn/henan/ggcx?appCode=H60&channelCode=0102&bz=0&pageSize=30&pageNo=218
219,http://www.hngp.gov.cn/henan/ggcx?appCode=H60&channelCode=0102&bz=0&pageSize=30&pageNo=219
220,http://www.hngp.gov.cn/henan/ggcx?appCode=H60&channelCode=0102&bz=0&pageSize=30&pageNo=220
221,http://www.hngp.gov.cn/henan/ggcx?appCode=H60&channelCode=0102&bz=0&pageSize=30&pageNo=221
222,http://www.hngp.gov.cn/henan/ggcx?appCode=H60&channelCode=0102&bz=0&pageSize=30&pageNo=222
223,http://www.hngp.gov.cn/henan/ggcx?appCode=H60&channelCode=0102&bz=0&pageSize=30&pageNo=223
224,http://www.hngp.gov.cn/henan/ggcx?appCode=H60&channelCode=0102&bz=0&pageSize=30&pageNo=224
225,http://www.hngp.gov.cn/henan/ggcx?appCode=H60&channelCode=0102&bz=0&pageSize=30&pageNo=225
226,http://www.hngp.gov.cn/henan/ggcx?appCode=H60&channelCode=0102&bz=0&pageSize=30&pageNo=226
227,http://www.hngp.gov.cn/henan/ggcx?appCode=H60&channelCode=0102&bz=0&pageSize=30&pageNo=227
228,http://www.hngp.gov.cn/henan/ggcx?appCode=H60&channelCode=0102&bz=0&pageSize=30&pageNo=228
229,http://www.hngp.gov.cn/henan/ggcx?appCode=H60&channelCode=0102&bz=0&pageSize=30&pageNo=229
230,http://www.hngp.gov.cn/henan/ggcx?appCode=H60&channelCode=0102&bz=0&pageSize=30&pageNo=230
231,http://www.hngp.gov.cn/henan/ggcx?appCode=H60&channelCode=0102&bz=0&pageSize=30&pageNo=231
232,http://www.hngp.gov.cn/henan/ggcx?appCode=H60&channelCode=0102&bz=0&pageSize=30&pageNo=232
233,http://www.hngp.gov.cn/henan/ggcx?appCode=H60&channelCode=0102&bz=0&pageSize=30&pageNo=233
234,http://www.hngp.gov.cn/henan/ggcx?appCode=H60&channelCode=0102&bz=0&pageSize=30&pageNo=234
235,http://www.hngp.gov.cn/henan/ggcx?appCode=H60&channelCode=0102&bz=0&pageSize=30&pageNo=235
236,http://www.hngp.gov.cn/henan/ggcx?appCode=H60&channelCode=0102&bz=0&pageSize=30&pageNo=236
237,http://www.hngp.gov.cn/henan/ggcx?appCode=H60&channelCode=0102&bz=0&pageSize=30&pageNo=237
238,http://www.hngp.gov.cn/henan/ggcx?appCode=H60&channelCode=0102&bz=0&pageSize=30&pageNo=238
239,http://www.hngp.gov.cn/henan/ggcx?appCode=H60&channelCode=0102&bz=0&pageSize=30&pageNo=239
240,http://www.hngp.gov.cn/henan/ggcx?appCode=H60&channelCode=0102&bz=0&pageSize=30&pageNo=240
241,http://www.hngp.gov.cn/henan/ggcx?appCode=H60&channelCode=0102&bz=0&pageSize=30&pageNo=241
242,http://www.hngp.gov.cn/henan/ggcx?appCode=H60&channelCode=0102&bz=0&pageSize=30&pageNo=242
243,http://www.hngp.gov.cn/henan/ggcx?appCode=H60&channelCode=0102&bz=0&pageSize=30&pageNo=243
244,http://www.hngp.gov.cn/henan/ggcx?appCode=H60&channelCode=0102&bz=0&pageSize=30&pageNo=244
245,http://www.hngp.gov.cn/henan/ggcx?appCode=H60&channelCode=0102&bz=0&pageSize=30&pageNo=245
246,http://www.hngp.gov.cn/henan/ggcx?appCode=H60&channelCode=0102&bz=0&pageSize=30&pageNo=246
247,http://www.hngp.gov.cn/henan/ggcx?appCode=H60&channelCode=0102&bz=0&pageSize=30&pageNo=247
248,http://www.hngp.gov.cn/henan/ggcx?appCode=H60&channelCode=0102&bz=0&pageSize=30&pageNo=248
249,http://www.hngp.gov.cn/henan/ggcx?appCode=H60&channelCode=0102&bz=0&pageSize=30&pageNo=249
250,http://www.hngp.gov.cn/henan/ggcx?appCode=H60&channelCode=0102&bz=0&pageSize=30&pageNo=250
251,http://www.hngp.gov.cn/henan/ggcx?appCode=H60&channelCode=0102&bz=0&pageSize=30&pageNo=251
252,http://www.hngp.gov.cn/henan/ggcx?appCode=H60&channelCode=0102&bz=0&pageSize=30&pageNo=252
253,http://www.hngp.gov.cn/henan/ggcx?appCode=H60&channelCode=0102&bz=0&pageSize=30&pageNo=253
254,http://www.hngp.gov.cn/henan/ggcx?appCode=H60&channelCode=0102&bz=0&pageSize=30&pageNo=254
255,http://www.hngp.gov.cn/henan/ggcx?appCode=H60&channelCode=0102&bz=0&pageSize=30&pageNo=255
256,http://www.hngp.gov.cn/henan/ggcx?appCode=H60&channelCode=0102&bz=0&pageSize=30&pageNo=256
257,http://www.hngp.gov.cn/henan/ggcx?appCode=H60&channelCode=0102&bz=0&pageSize=30&pageNo=257
258,http://www.hngp.gov.cn/henan/ggcx?appCode=H60&channelCode=0102&bz=0&pageSize=30&pageNo=258
259,http://www.hngp.gov.cn/henan/ggcx?appCode=H60&channelCode=0102&bz=0&pageSize=30&pageNo=259
260,http://www.hngp.gov.cn/henan/ggcx?appCode=H60&channelCode=0102&bz=0&pageSize=30&pageNo=260
261,http://www.hngp.gov.cn/henan/ggcx?appCode=H60&channelCode=0102&bz=0&pageSize=30&pageNo=261
262,http://www.hngp.gov.cn/henan/ggcx?appCode=H60&channelCode=0102&bz=0&pageSize=30&pageNo=262
263,http://www.hngp.gov.cn/henan/ggcx?appCode=H60&channelCode=0102&bz=0&pageSize=30&pageNo=263
264,http://www.hngp.gov.cn/henan/ggcx?appCode=H60&channelCode=0102&bz=0&pageSize=30&pageNo=264
265,http://www.hngp.gov.cn/henan/ggcx?appCode=H60&channelCode=0102&bz=0&pageSize=30&pageNo=265
266,http://www.hngp.gov.cn/henan/ggcx?appCode=H60&channelCode=0102&bz=0&pageSize=30&pageNo=266
267,http://www.hngp.gov.cn/henan/ggcx?appCode=H60&channelCode=0102&bz=0&pageSize=30&pageNo=267
268,http://www.hngp.gov.cn/henan/ggcx?appCode=H60&channelCode=0102&bz=0&pageSize=30&pageNo=268
269,http://www.hngp.gov.cn/henan/ggcx?appCode=H60&channelCode=0102&bz=0&pageSize=30&pageNo=269
270,http://www.hngp.gov.cn/henan/ggcx?appCode=H60&channelCode=0102&bz=0&pageSize=30&pageNo=270
271,http://www.hngp.gov.cn/henan/ggcx?appCode=H60&channelCode=0102&bz=0&pageSize=30&pageNo=271
272,http://www.hngp.gov.cn/henan/ggcx?appCode=H60&channelCode=0102&bz=0&pageSize=30&pageNo=272
273,http://www.hngp.gov.cn/henan/ggcx?appCode=H60&channelCode=0102&bz=0&pageSize=30&pageNo=273
274,http://www.hngp.gov.cn/henan/ggcx?appCode=H60&channelCode=0102&bz=0&pageSize=30&pageNo=274
275,http://www.hngp.gov.cn/henan/ggcx?appCode=H60&channelCode=0102&bz=0&pageSize=30&pageNo=275
276,http://www.hngp.gov.cn/henan/ggcx?appCode=H60&channelCode=0102&bz=0&pageSize=30&pageNo=276
277,http://www.hngp.gov.cn/henan/ggcx?appCode=H60&channelCode=0102&bz=0&pageSize=30&pageNo=277
278,http://www.hngp.gov.cn/henan/ggcx?appCode=H60&channelCode=0102&bz=0&pageSize=30&pageNo=278
279,http://www.hngp.gov.cn/henan/ggcx?appCode=H60&channelCode=0102&bz=0&pageSize=30&pageNo=279
280,http://www.hngp.gov.cn/henan/ggcx?appCode=H60&channelCode=0102&bz=0&pageSize=30&pageNo=280
281,http://www.hngp.gov.cn/henan/ggcx?appCode=H60&channelCode=0102&bz=0&pageSize=30&pageNo=281
282,http://www.hngp.gov.cn/henan/ggcx?appCode=H60&channelCode=0102&bz=0&pageSize=30&pageNo=282
283,http://www.hngp.gov.cn/henan/ggcx?appCode=H60&channelCode=0102&bz=0&pageSize=30&pageNo=283
284,http://www.hngp.gov.cn/henan/ggcx?appCode=H60&channelCode=0102&bz=0&pageSize=30&pageNo=284
285,http://www.hngp.gov.cn/henan/ggcx?appCode=H60&channelCode=0102&bz=0&pageSize=30&pageNo=285
286,http://www.hngp.gov.cn/henan/ggcx?appCode=H60&channelCode=0102&bz=0&pageSize=30&pageNo=286
287,http://www.hngp.gov.cn/henan/ggcx?appCode=H60&channelCode=0102&bz=0&pageSize=30&pageNo=287
288,http://www.hngp.gov.cn/henan/ggcx?appCode=H60&channelCode=0102&bz=0&pageSize=30&pageNo=288
289,http://www.hngp.gov.cn/henan/ggcx?appCode=H60&channelCode=0102&bz=0&pageSize=30&pageNo=289
290,http://www.hngp.gov.cn/henan/ggcx?appCode=H60&channelCode=0102&bz=0&pageSize=30&pageNo=290
291,http://www.hngp.gov.cn/henan/ggcx?appCode=H60&channelCode=0102&bz=0&pageSize=30&pageNo=291
292,http://www.hngp.gov.cn/henan/ggcx?appCode=H60&channelCode=0102&bz=0&pageSize=30&pageNo=292
293,http://www.hngp.gov.cn/henan/ggcx?appCode=H60&channelCode=0102&bz=0&pageSize=30&pageNo=293
294,http://www.hngp.gov.cn/henan/ggcx?appCode=H60&channelCode=0102&bz=0&pageSize=30&pageNo=294
295,http://www.hngp.gov.cn/henan/ggcx?appCode=H60&channelCode=0102&bz=0&pageSize=30&pageNo=295
296,http://www.hngp.gov.cn/henan/ggcx?appCode=H60&channelCode=0102&bz=0&pageSize=30&pageNo=296
297,http://www.hngp.gov.cn/henan/ggcx?appCode=H60&channelCode=0102&bz=0&pageSize=30&pageNo=297
298,http://www.hngp.gov.cn/henan/ggcx?appCode=H60&channelCode=0102&bz=0&pageSize=30&pageNo=298
299,http://www.hngp.gov.cn/henan/ggcx?appCode=H60&channelCode=0102&bz=0&pageSize=30&pageNo=299
300,http://www.hngp.gov.cn/henan/ggcx?appCode=H60&channelCode=0102&bz=0&pageSize=30&pageNo=300
301,http://www.hngp.gov.cn/henan/ggcx?appCode=H60&channelCode=0102&bz=0&pageSize=30&pageNo=301
302,http://www.hngp.gov.cn/henan/ggcx?appCode=H60&channelCode=0102&bz=0&pageSize=30&pageNo=302
303,http://www.hngp.gov.cn/henan/ggcx?appCode=H60&channelCode=0102&bz=0&pageSize=30&pageNo=303
304,http://www.hngp.gov.cn/henan/ggcx?appCode=H60&channelCode=0102&bz=0&pageSize=30&pageNo=304
305,http://www.hngp.gov.cn/henan/ggcx?appCode=H60&channelCode=0102&bz=0&pageSize=30&pageNo=305
306,http://www.hngp.gov.cn/henan/ggcx?appCode=H60&channelCode=0102&bz=0&pageSize=30&pageNo=306
307,http://www.hngp.gov.cn/henan/ggcx?appCode=H60&channelCode=0102&bz=0&pageSize=30&pageNo=307
308,http://www.hngp.gov.cn/henan/ggcx?appCode=H60&channelCode=0102&bz=0&pageSize=30&pageNo=308
309,http://www.hngp.gov.cn/henan/ggcx?appCode=H60&channelCode=0102&bz=0&pageSize=30&pageNo=309
310,http://www.hngp.gov.cn/henan/ggcx?appCode=H60&channelCode=0102&bz=0&pageSize=30&pageNo=310
311,http://www.hngp.gov.cn/henan/ggcx?appCode=H60&channelCode=0102&bz=0&pageSize=30&pageNo=311
312,http://www.hngp.gov.cn/henan/ggcx?appCode=H60&channelCode=0102&bz=0&pageSize=30&pageNo=312
313,http://www.hngp.gov.cn/henan/ggcx?appCode=H60&channelCode=0102&bz=0&pageSize=30&pageNo=313
314,http://www.hngp.gov.cn/henan/ggcx?appCode=H60&channelCode=0102&bz=0&pageSize=30&pageNo=314
315,http://www.hngp.gov.cn/henan/ggcx?appCode=H60&channelCode=0102&bz=0&pageSize=30&pageNo=315
316,http://www.hngp.gov.cn/henan/ggcx?appCode=H60&channelCode=0102&bz=0&pageSize=30&pageNo=316
317,http://www.hngp.gov.cn/henan/ggcx?appCode=H60&channelCode=0102&bz=0&pageSize=30&pageNo=317
318,http://www.hngp.gov.cn/henan/ggcx?appCode=H60&channelCode=0102&bz=0&pageSize=30&pageNo=318
319,http://www.hngp.gov.cn/henan/ggcx?appCode=H60&channelCode=0102&bz=0&pageSize=30&pageNo=319
320,http://www.hngp.gov.cn/henan/ggcx?appCode=H60&channelCode=0102&bz=0&pageSize=30&pageNo=320
321,http://www.hngp.gov.cn/henan/ggcx?appCode=H60&channelCode=0102&bz=0&pageSize=30&pageNo=321
322,http://www.hngp.gov.cn/henan/ggcx?appCode=H60&channelCode=0102&bz=0&pageSize=30&pageNo=322
323,http://www.hngp.gov.cn/henan/ggcx?appCode=H60&channelCode=0102&bz=0&pageSize=30&pageNo=323
324,http://www.hngp.gov.cn/henan/ggcx?appCode=H60&channelCode=0102&bz=0&pageSize=30&pageNo=324
325,http://www.hngp.gov.cn/henan/ggcx?appCode=H60&channelCode=0102&bz=0&pageSize=30&pageNo=325
326,http://www.hngp.gov.cn/henan/ggcx?appCode=H60&channelCode=0102&bz=0&pageSize=30&pageNo=326
327,http://www.hngp.gov.cn/henan/ggcx?appCode=H60&channelCode=0102&bz=0&pageSize=30&pageNo=327
328,http://www.hngp.gov.cn/henan/ggcx?appCode=H60&channelCode=0102&bz=0&pageSize=30&pageNo=328
329,http://www.hngp.gov.cn/henan/ggcx?appCode=H60&channelCode=0102&bz=0&pageSize=30&pageNo=329
330,http://www.hngp.gov.cn/henan/ggcx?appCode=H60&channelCode=0102&bz=0&pageSize=30&pageNo=330
331,http://www.hngp.gov.cn/henan/ggcx?appCode=H60&channelCode=0102&bz=0&pageSize=30&pageNo=331
332,http://www.hngp.gov.cn/henan/ggcx?appCode=H60&channelCode=0102&bz=0&pageSize=30&pageNo=332
333,http://www.hngp.gov.cn/henan/ggcx?appCode=H60&channelCode=0102&bz=0&pageSize=30&pageNo=333
334,http://www.hngp.gov.cn/henan/ggcx?appCode=H60&channelCode=0102&bz=0&pageSize=30&pageNo=334
335,http://www.hngp.gov.cn/henan/ggcx?appCode=H60&channelCode=0102&bz=0&pageSize=30&pageNo=335
336,http://www.hngp.gov.cn/henan/ggcx?appCode=H60&channelCode=0102&bz=0&pageSize=30&pageNo=336
337,http://www.hngp.gov.cn/henan/ggcx?appCode=H60&channelCode=0102&bz=0&pageSize=30&pageNo=337
338,http://www.hngp.gov.cn/henan/ggcx?appCode=H60&channelCode=0102&bz=0&pageSize=30&pageNo=338
339,http://www.hngp.gov.cn/henan/ggcx?appCode=H60&channelCode=0102&bz=0&pageSize=30&pageNo=339
340,http://www.hngp.gov.cn/henan/ggcx?appCode=H60&channelCode=0102&bz=0&pageSize=30&pageNo=340
341,http://www.hngp.gov.cn/henan/ggcx?appCode=H60&channelCode=0102&bz=0&pageSize=30&pageNo=341
342,http://www.hngp.gov.cn/henan/ggcx?appCode=H60&channelCode=0102&bz=0&pageSize=30&pageNo=342
343,http://www.hngp.gov.cn/henan/ggcx?appCode=H60&channelCode=0102&bz=0&pageSize=30&pageNo=343
344,http://www.hngp.gov.cn/henan/ggcx?appCode=H60&channelCode=0102&bz=0&pageSize=30&pageNo=344
345,http://www.hngp.gov.cn/henan/ggcx?appCode=H60&channelCode=0102&bz=0&pageSize=30&pageNo=345
346,http://www.hngp.gov.cn/henan/ggcx?appCode=H60&channelCode=0102&bz=0&pageSize=30&pageNo=346
347,http://www.hngp.gov.cn/henan/ggcx?appCode=H60&channelCode=0102&bz=0&pageSize=30&pageNo=347
348,http://www.hngp.gov.cn/henan/ggcx?appCode=H60&channelCode=0102&bz=0&pageSize=30&pageNo=348
349,http://www.hngp.gov.cn/henan/ggcx?appCode=H60&channelCode=0102&bz=0&pageSize=30&pageNo=349
350,http://www.hngp.gov.cn/henan/ggcx?appCode=H60&channelCode=0102&bz=0&pageSize=30&pageNo=350
351,http://www.hngp.gov.cn/henan/ggcx?appCode=H60&channelCode=0102&bz=0&pageSize=30&pageNo=351
352,http://www.hngp.gov.cn/henan/ggcx?appCode=H60&channelCode=0102&bz=0&pageSize=30&pageNo=352
353,http://www.hngp.gov.cn/henan/ggcx?appCode=H60&channelCode=0102&bz=0&pageSize=30&pageNo=353
354,http://www.hngp.gov.cn/henan/ggcx?appCode=H60&channelCode=0102&bz=0&pageSize=30&pageNo=354
355,http://www.hngp.gov.cn/henan/ggcx?appCode=H60&channelCode=0102&bz=0&pageSize=30&pageNo=355
356,http://www.hngp.gov.cn/henan/ggcx?appCode=H60&channelCode=0102&bz=0&pageSize=30&pageNo=356
357,http://www.hngp.gov.cn/henan/ggcx?appCode=H60&channelCode=0102&bz=0&pageSize=30&pageNo=357
358,http://www.hngp.gov.cn/henan/ggcx?appCode=H60&channelCode=0102&bz=0&pageSize=30&pageNo=358
359,http://www.hngp.gov.cn/henan/ggcx?appCode=H60&channelCode=0102&bz=0&pageSize=30&pageNo=359
360,http://www.hngp.gov.cn/henan/ggcx?appCode=H60&channelCode=0102&bz=0&pageSize=30&pageNo=360
361,http://www.hngp.gov.cn/henan/ggcx?appCode=H60&channelCode=0102&bz=0&pageSize=30&pageNo=361
362,http://www.hngp.gov.cn/henan/ggcx?appCode=H60&channelCode=0102&bz=0&pageSize=30&pageNo=362
363,http://www.hngp.gov.cn/henan/ggcx?appCode=H60&channelCode=0102&bz=0&pageSize=30&pageNo=363
364,http://www.hngp.gov.cn/henan/ggcx?appCode=H60&channelCode=0102&bz=0&pageSize=30&pageNo=364
365,http://www.hngp.gov.cn/henan/ggcx?appCode=H60&channelCode=0102&bz=0&pageSize=30&pageNo=365
366,http://www.hngp.gov.cn/henan/ggcx?appCode=H60&channelCode=0102&bz=0&pageSize=30&pageNo=366
367,http://www.hngp.gov.cn/henan/ggcx?appCode=H60&channelCode=0102&bz=0&pageSize=30&pageNo=367
368,http://www.hngp.gov.cn/henan/ggcx?appCode=H60&channelCode=0102&bz=0&pageSize=30&pageNo=368
369,http://www.hngp.gov.cn/henan/ggcx?appCode=H60&channelCode=0102&bz=0&pageSize=30&pageNo=369
370,http://www.hngp.gov.cn/henan/ggcx?appCode=H60&channelCode=0102&bz=0&pageSize=30&pageNo=370
371,http://www.hngp.gov.cn/henan/ggcx?appCode=H60&channelCode=0102&bz=0&pageSize=30&pageNo=371
372,http://www.hngp.gov.cn/henan/ggcx?appCode=H60&channelCode=0102&bz=0&pageSize=30&pageNo=372
373,http://www.hngp.gov.cn/henan/ggcx?appCode=H60&channelCode=0102&bz=0&pageSize=30&pageNo=373
374,http://www.hngp.gov.cn/henan/ggcx?appCode=H60&channelCode=0102&bz=0&pageSize=30&pageNo=374
375,http://www.hngp.gov.cn/henan/ggcx?appCode=H60&channelCode=0102&bz=0&pageSize=30&pageNo=375
376,http://www.hngp.gov.cn/henan/ggcx?appCode=H60&channelCode=0102&bz=0&pageSize=30&pageNo=376
377,http://www.hngp.gov.cn/henan/ggcx?appCode=H60&channelCode=0102&bz=0&pageSize=30&pageNo=377
378,http://www.hngp.gov.cn/henan/ggcx?appCode=H60&channelCode=0102&bz=0&pageSize=30&pageNo=378
379,http://www.hngp.gov.cn/henan/ggcx?appCode=H60&channelCode=0102&bz=0&pageSize=30&pageNo=379
380,http://www.hngp.gov.cn/henan/ggcx?appCode=H60&channelCode=0102&bz=0&pageSize=30&pageNo=380
381,http://www.hngp.gov.cn/henan/ggcx?appCode=H60&channelCode=0102&bz=0&pageSize=30&pageNo=381
382,http://www.hngp.gov.cn/henan/ggcx?appCode=H60&channelCode=0102&bz=0&pageSize=30&pageNo=382
383,http://www.hngp.gov.cn/henan/ggcx?appCode=H60&channelCode=0102&bz=0&pageSize=30&pageNo=383
384,http://www.hngp.gov.cn/henan/ggcx?appCode=H60&channelCode=0102&bz=0&pageSize=30&pageNo=384
385,http://www.hngp.gov.cn/henan/ggcx?appCode=H60&channelCode=0102&bz=0&pageSize=30&pageNo=385
386,http://www.hngp.gov.cn/henan/ggcx?appCode=H60&channelCode=0102&bz=0&pageSize=30&pageNo=386
387,http://www.hngp.gov.cn/henan/ggcx?appCode=H60&channelCode=0102&bz=0&pageSize=30&pageNo=387
388,http://www.hngp.gov.cn/henan/ggcx?appCode=H60&channelCode=0102&bz=0&pageSize=30&pageNo=388
389,http://www.hngp.gov.cn/henan/ggcx?appCode=H60&channelCode=0102&bz=0&pageSize=30&pageNo=389
390,http://www.hngp.gov.cn/henan/ggcx?appCode=H60&channelCode=0102&bz=0&pageSize=30&pageNo=390
391,http://www.hngp.gov.cn/henan/ggcx?appCode=H60&channelCode=0102&bz=0&pageSize=30&pageNo=391
392,http://www.hngp.gov.cn/henan/ggcx?appCode=H60&channelCode=0102&bz=0&pageSize=30&pageNo=392
393,http://www.hngp.gov.cn/henan/ggcx?appCode=H60&channelCode=0102&bz=0&pageSize=30&pageNo=393
394,http://www.hngp.gov.cn/henan/ggcx?appCode=H60&channelCode=0102&bz=0&pageSize=30&pageNo=394
395,http://www.hngp.gov.cn/henan/ggcx?appCode=H60&channelCode=0102&bz=0&pageSize=30&pageNo=395
396,http://www.hngp.gov.cn/henan/ggcx?appCode=H60&channelCode=0102&bz=0&pageSize=30&pageNo=396
397,http://www.hngp.gov.cn/henan/ggcx?appCode=H60&channelCode=0102&bz=0&pageSize=30&pageNo=397
398,http://www.hngp.gov.cn/henan/ggcx?appCode=H60&channelCode=0102&bz=0&pageSize=30&pageNo=398
399,http://www.hngp.gov.cn/henan/ggcx?appCode=H60&channelCode=0102&bz=0&pageSize=30&pageNo=399
400,http://www.hngp.gov.cn/henan/ggcx?appCode=H60&channelCode=0102&bz=0&pageSize=30&pageNo=400
401,http://www.hngp.gov.cn/henan/ggcx?appCode=H60&channelCode=0102&bz=0&pageSize=30&pageNo=401
402,http://www.hngp.gov.cn/henan/ggcx?appCode=H60&channelCode=0102&bz=0&pageSize=30&pageNo=402
403,http://www.hngp.gov.cn/henan/ggcx?appCode=H60&channelCode=0102&bz=0&pageSize=30&pageNo=403
404,http://www.hngp.gov.cn/henan/ggcx?appCode=H60&channelCode=0102&bz=0&pageSize=30&pageNo=404
405,http://www.hngp.gov.cn/henan/ggcx?appCode=H60&channelCode=0102&bz=0&pageSize=30&pageNo=405
406,http://www.hngp.gov.cn/henan/ggcx?appCode=H60&channelCode=0102&bz=0&pageSize=30&pageNo=406
407,http://www.hngp.gov.cn/henan/ggcx?appCode=H60&channelCode=0102&bz=0&pageSize=30&pageNo=407
408,http://www.hngp.gov.cn/henan/ggcx?appCode=H60&channelCode=0102&bz=0&pageSize=30&pageNo=408
409,http://www.hngp.gov.cn/henan/ggcx?appCode=H60&channelCode=0102&bz=0&pageSize=30&pageNo=409
410,http://www.hngp.gov.cn/henan/ggcx?appCode=H60&channelCode=0102&bz=0&pageSize=30&pageNo=410
411,http://www.hngp.gov.cn/henan/ggcx?appCode=H60&channelCode=0102&bz=0&pageSize=30&pageNo=411
412,http://www.hngp.gov.cn/henan/ggcx?appCode=H60&channelCode=0102&bz=0&pageSize=30&pageNo=412
413,http://www.hngp.gov.cn/henan/ggcx?appCode=H60&channelCode=0102&bz=0&pageSize=30&pageNo=413
414,http://www.hngp.gov.cn/henan/ggcx?appCode=H60&channelCode=0102&bz=0&pageSize=30&pageNo=414
415,http://www.hngp.gov.cn/henan/ggcx?appCode=H60&channelCode=0102&bz=0&pageSize=30&pageNo=415
416,http://www.hngp.gov.cn/henan/ggcx?appCode=H60&channelCode=0102&bz=0&pageSize=30&pageNo=416
417,http://www.hngp.gov.cn/henan/ggcx?appCode=H60&channelCode=0102&bz=0&pageSize=30&pageNo=417
418,http://www.hngp.gov.cn/henan/ggcx?appCode=H60&channelCode=0102&bz=0&pageSize=30&pageNo=418
419,http://www.hngp.gov.cn/henan/ggcx?appCode=H60&channelCode=0102&bz=0&pageSize=30&pageNo=419
420,http://www.hngp.gov.cn/henan/ggcx?appCode=H60&channelCode=0102&bz=0&pageSize=30&pageNo=420
421,http://www.hngp.gov.cn/henan/ggcx?appCode=H60&channelCode=0102&bz=0&pageSize=30&pageNo=421
422,http://www.hngp.gov.cn/henan/ggcx?appCode=H60&channelCode=0102&bz=0&pageSize=30&pageNo=422
423,http://www.hngp.gov.cn/henan/ggcx?appCode=H60&channelCode=0102&bz=0&pageSize=30&pageNo=423
424,http://www.hngp.gov.cn/henan/ggcx?appCode=H60&channelCode=0102&bz=0&pageSize=30&pageNo=424
425,http://www.hngp.gov.cn/henan/ggcx?appCode=H60&channelCode=0102&bz=0&pageSize=30&pageNo=425
426,http://www.hngp.gov.cn/henan/ggcx?appCode=H60&channelCode=0102&bz=0&pageSize=30&pageNo=426
427,http://www.hngp.gov.cn/henan/ggcx?appCode=H60&channelCode=0102&bz=0&pageSize=30&pageNo=427
428,http://www.hngp.gov.cn/henan/ggcx?appCode=H60&channelCode=0102&bz=0&pageSize=30&pageNo=428
429,http://www.hngp.gov.cn/henan/ggcx?appCode=H60&channelCode=0102&bz=0&pageSize=30&pageNo=429
430,http://www.hngp.gov.cn/henan/ggcx?appCode=H60&channelCode=0102&bz=0&pageSize=30&pageNo=430
431,http://www.hngp.gov.cn/henan/ggcx?appCode=H60&channelCode=0102&bz=0&pageSize=30&pageNo=431
432,http://www.hngp.gov.cn/henan/ggcx?appCode=H60&channelCode=0102&bz=0&pageSize=30&pageNo=432
433,http://www.hngp.gov.cn/henan/ggcx?appCode=H60&channelCode=0102&bz=0&pageSize=30&pageNo=433
434,http://www.hngp.gov.cn/henan/ggcx?appCode=H60&channelCode=0102&bz=0&pageSize=30&pageNo=434
435,http://www.hngp.gov.cn/henan/ggcx?appCode=H60&channelCode=0102&bz=0&pageSize=30&pageNo=435
436,http://www.hngp.gov.cn/henan/ggcx?appCode=H60&channelCode=0102&bz=0&pageSize=30&pageNo=436
437,http://www.hngp.gov.cn/henan/ggcx?appCode=H60&channelCode=0102&bz=0&pageSize=30&pageNo=437
438,http://www.hngp.gov.cn/henan/ggcx?appCode=H60&channelCode=0102&bz=0&pageSize=30&pageNo=438
439,http://www.hngp.gov.cn/henan/ggcx?appCode=H60&channelCode=0102&bz=0&pageSize=30&pageNo=439
440,http://www.hngp.gov.cn/henan/ggcx?appCode=H60&channelCode=0102&bz=0&pageSize=30&pageNo=440
441,http://www.hngp.gov.cn/henan/ggcx?appCode=H60&channelCode=0102&bz=0&pageSize=30&pageNo=441
442,http://www.hngp.gov.cn/henan/ggcx?appCode=H60&channelCode=0102&bz=0&pageSize=30&pageNo=442
443,http://www.hngp.gov.cn/henan/ggcx?appCode=H60&channelCode=0102&bz=0&pageSize=30&pageNo=443
444,http://www.hngp.gov.cn/henan/ggcx?appCode=H60&channelCode=0102&bz=0&pageSize=30&pageNo=444
445,http://www.hngp.gov.cn/henan/ggcx?appCode=H60&channelCode=0102&bz=0&pageSize=30&pageNo=445
446,http://www.hngp.gov.cn/henan/ggcx?appCode=H60&channelCode=0102&bz=0&pageSize=30&pageNo=446
447,http://www.hngp.gov.cn/henan/ggcx?appCode=H60&channelCode=0102&bz=0&pageSize=30&pageNo=447
448,http://www.hngp.gov.cn/henan/ggcx?appCode=H60&channelCode=0102&bz=0&pageSize=30&pageNo=448
449,http://www.hngp.gov.cn/henan/ggcx?appCode=H60&channelCode=0102&bz=0&pageSize=30&pageNo=449
450,http://www.hngp.gov.cn/henan/ggcx?appCode=H60&channelCode=0102&bz=0&pageSize=30&pageNo=450
451,http://www.hngp.gov.cn/henan/ggcx?appCode=H60&channelCode=0102&bz=0&pageSize=30&pageNo=451
452,http://www.hngp.gov.cn/henan/ggcx?appCode=H60&channelCode=0102&bz=0&pageSize=30&pageNo=452
453,http://www.hngp.gov.cn/henan/ggcx?appCode=H60&channelCode=0102&bz=0&pageSize=30&pageNo=453
454,http://www.hngp.gov.cn/henan/ggcx?appCode=H60&channelCode=0102&bz=0&pageSize=30&pageNo=454
455,http://www.hngp.gov.cn/henan/ggcx?appCode=H60&channelCode=0102&bz=0&pageSize=30&pageNo=455
456,http://www.hngp.gov.cn/henan/ggcx?appCode=H60&channelCode=0102&bz=0&pageSize=30&pageNo=456
457,http://www.hngp.gov.cn/henan/ggcx?appCode=H60&channelCode=0102&bz=0&pageSize=30&pageNo=457
458,http://www.hngp.gov.cn/henan/ggcx?appCode=H60&channelCode=0102&bz=0&pageSize=30&pageNo=458
459,http://www.hngp.gov.cn/henan/ggcx?appCode=H60&channelCode=0102&bz=0&pageSize=30&pageNo=459
460,http://www.hngp.gov.cn/henan/ggcx?appCode=H60&channelCode=0102&bz=0&pageSize=30&pageNo=460
461,http://www.hngp.gov.cn/henan/ggcx?appCode=H60&channelCode=0102&bz=0&pageSize=30&pageNo=461
462,http://www.hngp.gov.cn/henan/ggcx?appCode=H60&channelCode=0102&bz=0&pageSize=30&pageNo=462
463,http://www.hngp.gov.cn/henan/ggcx?appCode=H60&channelCode=0102&bz=0&pageSize=30&pageNo=463
464,http://www.hngp.gov.cn/henan/ggcx?appCode=H60&channelCode=0102&bz=0&pageSize=30&pageNo=464
465,http://www.hngp.gov.cn/henan/ggcx?appCode=H60&channelCode=0102&bz=0&pageSize=30&pageNo=465
466,http://www.hngp.gov.cn/henan/ggcx?appCode=H60&channelCode=0102&bz=0&pageSize=30&pageNo=466
467,http://www.hngp.gov.cn/henan/ggcx?appCode=H60&channelCode=0102&bz=0&pageSize=30&pageNo=467
468,http://www.hngp.gov.cn/henan/ggcx?appCode=H60&channelCode=0102&bz=0&pageSize=30&pageNo=468
469,http://www.hngp.gov.cn/henan/ggcx?appCode=H60&channelCode=0102&bz=0&pageSize=30&pageNo=469
470,http://www.hngp.gov.cn/henan/ggcx?appCode=H60&channelCode=0102&bz=0&pageSize=30&pageNo=470
471,http://www.hngp.gov.cn/henan/ggcx?appCode=H60&channelCode=0102&bz=0&pageSize=30&pageNo=471
472,http://www.hngp.gov.cn/henan/ggcx?appCode=H60&channelCode=0102&bz=0&pageSize=30&pageNo=472
473,http://www.hngp.gov.cn/henan/ggcx?appCode=H60&channelCode=0102&bz=0&pageSize=30&pageNo=473
474,http://www.hngp.gov.cn/henan/ggcx?appCode=H60&channelCode=0102&bz=0&pageSize=30&pageNo=474
475,http://www.hngp.gov.cn/henan/ggcx?appCode=H60&channelCode=0102&bz=0&pageSize=30&pageNo=475
476,http://www.hngp.gov.cn/henan/ggcx?appCode=H60&channelCode=0102&bz=0&pageSize=30&pageNo=476
477,http://www.hngp.gov.cn/henan/ggcx?appCode=H60&channelCode=0102&bz=0&pageSize=30&pageNo=477
478,http://www.hngp.gov.cn/henan/ggcx?appCode=H60&channelCode=0102&bz=0&pageSize=30&pageNo=478
479,http://www.hngp.gov.cn/henan/ggcx?appCode=H60&channelCode=0102&bz=0&pageSize=30&pageNo=479
480,http://www.hngp.gov.cn/henan/ggcx?appCode=H60&channelCode=0102&bz=0&pageSize=30&pageNo=480
481,http://www.hngp.gov.cn/henan/ggcx?appCode=H60&channelCode=0102&bz=0&pageSize=30&pageNo=481
482,http://www.hngp.gov.cn/henan/ggcx?appCode=H60&channelCode=0102&bz=0&pageSize=30&pageNo=482
483,http://www.hngp.gov.cn/henan/ggcx?appCode=H60&channelCode=0102&bz=0&pageSize=30&pageNo=483
484,http://www.hngp.gov.cn/henan/ggcx?appCode=H60&channelCode=0102&bz=0&pageSize=30&pageNo=484
485,http://www.hngp.gov.cn/henan/ggcx?appCode=H60&channelCode=0102&bz=0&pageSize=30&pageNo=485
486,http://www.hngp.gov.cn/henan/ggcx?appCode=H60&channelCode=0102&bz=0&pageSize=30&pageNo=486
487,http://www.hngp.gov.cn/henan/ggcx?appCode=H60&channelCode=0102&bz=0&pageSize=30&pageNo=487
488,http://www.hngp.gov.cn/henan/ggcx?appCode=H60&channelCode=0102&bz=0&pageSize=30&pageNo=488
489,http://www.hngp.gov.cn/henan/ggcx?appCode=H60&channelCode=0102&bz=0&pageSize=30&pageNo=489
490,http://www.hngp.gov.cn/henan/ggcx?appCode=H60&channelCode=0102&bz=0&pageSize=30&pageNo=490
491,http://www.hngp.gov.cn/henan/ggcx?appCode=H60&channelCode=0102&bz=0&pageSize=30&pageNo=491
492,http://www.hngp.gov.cn/henan/ggcx?appCode=H60&channelCode=0102&bz=0&pageSize=30&pageNo=492
493,http://www.hngp.gov.cn/henan/ggcx?appCode=H60&channelCode=0102&bz=0&pageSize=30&pageNo=493
494,http://www.hngp.gov.cn/henan/ggcx?appCode=H60&channelCode=0102&bz=0&pageSize=30&pageNo=494
495,http://www.hngp.gov.cn/henan/ggcx?appCode=H60&channelCode=0102&bz=0&pageSize=30&pageNo=495
496,http://www.hngp.gov.cn/henan/ggcx?appCode=H60&channelCode=0102&bz=0&pageSize=30&pageNo=496
497,http://www.hngp.gov.cn/henan/ggcx?appCode=H60&channelCode=0102&bz=0&pageSize=30&pageNo=497
498,http://www.hngp.gov.cn/henan/ggcx?appCode=H60&channelCode=0102&bz=0&pageSize=30&pageNo=498
499,http://www.hngp.gov.cn/henan/ggcx?appCode=H60&channelCode=0102&bz=0&pageSize=30&pageNo=499
500,http://www.hngp.gov.cn/henan/ggcx?appCode=H60&channelCode=0102&bz=0&pageSize=30&pageNo=500
501,http://www.hngp.gov.cn/henan/ggcx?appCode=H60&channelCode=0102&bz=0&pageSize=30&pageNo=501
502,http://www.hngp.gov.cn/henan/ggcx?appCode=H60&channelCode=0102&bz=0&pageSize=30&pageNo=502
503,http://www.hngp.gov.cn/henan/ggcx?appCode=H60&channelCode=0102&bz=0&pageSize=30&pageNo=503
504,http://www.hngp.gov.cn/henan/ggcx?appCode=H60&channelCode=0102&bz=0&pageSize=30&pageNo=504
505,http://www.hngp.gov.cn/henan/ggcx?appCode=H60&channelCode=0102&bz=0&pageSize=30&pageNo=505
506,http://www.hngp.gov.cn/henan/ggcx?appCode=H60&channelCode=0102&bz=0&pageSize=30&pageNo=506
507,http://www.hngp.gov.cn/henan/ggcx?appCode=H60&channelCode=0102&bz=0&pageSize=30&pageNo=507
508,http://www.hngp.gov.cn/henan/ggcx?appCode=H60&channelCode=0102&bz=0&pageSize=30&pageNo=508
509,http://www.hngp.gov.cn/henan/ggcx?appCode=H60&channelCode=0102&bz=0&pageSize=30&pageNo=509
510,http://www.hngp.gov.cn/henan/ggcx?appCode=H60&channelCode=0102&bz=0&pageSize=30&pageNo=510
511,http://www.hngp.gov.cn/henan/ggcx?appCode=H60&channelCode=0102&bz=0&pageSize=30&pageNo=511
512,http://www.hngp.gov.cn/henan/ggcx?appCode=H60&channelCode=0102&bz=0&pageSize=30&pageNo=512
513,http://www.hngp.gov.cn/henan/ggcx?appCode=H60&channelCode=0102&bz=0&pageSize=30&pageNo=513
514,http://www.hngp.gov.cn/henan/ggcx?appCode=H60&channelCode=0102&bz=0&pageSize=30&pageNo=514
515,http://www.hngp.gov.cn/henan/ggcx?appCode=H60&channelCode=0102&bz=0&pageSize=30&pageNo=515
516,http://www.hngp.gov.cn/henan/ggcx?appCode=H60&channelCode=0102&bz=0&pageSize=30&pageNo=516
517,http://www.hngp.gov.cn/henan/ggcx?appCode=H60&channelCode=0102&bz=0&pageSize=30&pageNo=517
518,http://www.hngp.gov.cn/henan/ggcx?appCode=H60&channelCode=0102&bz=0&pageSize=30&pageNo=518
519,http://www.hngp.gov.cn/henan/ggcx?appCode=H60&channelCode=0102&bz=0&pageSize=30&pageNo=519
520,http://www.hngp.gov.cn/henan/ggcx?appCode=H60&channelCode=0102&bz=0&pageSize=30&pageNo=520
521,http://www.hngp.gov.cn/henan/ggcx?appCode=H60&channelCode=0102&bz=0&pageSize=30&pageNo=521
522,http://www.hngp.gov.cn/henan/ggcx?appCode=H60&channelCode=0102&bz=0&pageSize=30&pageNo=522
523,http://www.hngp.gov.cn/henan/ggcx?appCode=H60&channelCode=0102&bz=0&pageSize=30&pageNo=523
524,http://www.hngp.gov.cn/henan/ggcx?appCode=H60&channelCode=0102&bz=0&pageSize=30&pageNo=524
525,http://www.hngp.gov.cn/henan/ggcx?appCode=H60&channelCode=0102&bz=0&pageSize=30&pageNo=525
526,http://www.hngp.gov.cn/henan/ggcx?appCode=H60&channelCode=0102&bz=0&pageSize=30&pageNo=526
527,http://www.hngp.gov.cn/henan/ggcx?appCode=H60&channelCode=0102&bz=0&pageSize=30&pageNo=527
528,http://www.hngp.gov.cn/henan/ggcx?appCode=H60&channelCode=0102&bz=0&pageSize=30&pageNo=528
529,http://www.hngp.gov.cn/henan/ggcx?appCode=H60&channelCode=0102&bz=0&pageSize=30&pageNo=529
530,http://www.hngp.gov.cn/henan/ggcx?appCode=H60&channelCode=0102&bz=0&pageSize=30&pageNo=530
531,http://www.hngp.gov.cn/henan/ggcx?appCode=H60&channelCode=0102&bz=0&pageSize=30&pageNo=531
532,http://www.hngp.gov.cn/henan/ggcx?appCode=H60&channelCode=0102&bz=0&pageSize=30&pageNo=532
533,http://www.hngp.gov.cn/henan/ggcx?appCode=H60&channelCode=0102&bz=0&pageSize=30&pageNo=533
534,http://www.hngp.gov.cn/henan/ggcx?appCode=H60&channelCode=0102&bz=0&pageSize=30&pageNo=534
535,http://www.hngp.gov.cn/henan/ggcx?appCode=H60&channelCode=0102&bz=0&pageSize=30&pageNo=535
536,http://www.hngp.gov.cn/henan/ggcx?appCode=H60&channelCode=0102&bz=0&pageSize=30&pageNo=536
537,http://www.hngp.gov.cn/henan/ggcx?appCode=H60&channelCode=0102&bz=0&pageSize=30&pageNo=537
538,http://www.hngp.gov.cn/henan/ggcx?appCode=H60&channelCode=0102&bz=0&pageSize=30&pageNo=538
539,http://www.hngp.gov.cn/henan/ggcx?appCode=H60&channelCode=0102&bz=0&pageSize=30&pageNo=539
540,http://www.hngp.gov.cn/henan/ggcx?appCode=H60&channelCode=0102&bz=0&pageSize=30&pageNo=540
541,http://www.hngp.gov.cn/henan/ggcx?appCode=H60&channelCode=0102&bz=0&pageSize=30&pageNo=541
542,http://www.hngp.gov.cn/henan/ggcx?appCode=H60&channelCode=0102&bz=0&pageSize=30&pageNo=542
543,http://www.hngp.gov.cn/henan/ggcx?appCode=H60&channelCode=0102&bz=0&pageSize=30&pageNo=543
544,http://www.hngp.gov.cn/henan/ggcx?appCode=H60&channelCode=0102&bz=0&pageSize=30&pageNo=544
545,http://www.hngp.gov.cn/henan/ggcx?appCode=H60&channelCode=0102&bz=0&pageSize=30&pageNo=545
546,http://www.hngp.gov.cn/henan/ggcx?appCode=H60&channelCode=0102&bz=0&pageSize=30&pageNo=546
547,http://www.hngp.gov.cn/henan/ggcx?appCode=H60&channelCode=0102&bz=0&pageSize=30&pageNo=547
548,http://www.hngp.gov.cn/henan/ggcx?appCode=H60&channelCode=0102&bz=0&pageSize=30&pageNo=548
549,http://www.hngp.gov.cn/henan/ggcx?appCode=H60&channelCode=0102&bz=0&pageSize=30&pageNo=549
550,http://www.hngp.gov.cn/henan/ggcx?appCode=H60&channelCode=0102&bz=0&pageSize=30&pageNo=550
551,http://www.hngp.gov.cn/henan/ggcx?appCode=H60&channelCode=0102&bz=0&pageSize=30&pageNo=551
552,http://www.hngp.gov.cn/henan/ggcx?appCode=H60&channelCode=0102&bz=0&pageSize=30&pageNo=552
553,http://www.hngp.gov.cn/henan/ggcx?appCode=H60&channelCode=0102&bz=0&pageSize=30&pageNo=553
554,http://www.hngp.gov.cn/henan/ggcx?appCode=H60&channelCode=0102&bz=0&pageSize=30&pageNo=554
555,http://www.hngp.gov.cn/henan/ggcx?appCode=H60&channelCode=0102&bz=0&pageSize=30&pageNo=555
556,http://www.hngp.gov.cn/henan/ggcx?appCode=H60&channelCode=0102&bz=0&pageSize=30&pageNo=556
557,http://www.hngp.gov.cn/henan/ggcx?appCode=H60&channelCode=0102&bz=0&pageSize=30&pageNo=557
558,http://www.hngp.gov.cn/henan/ggcx?appCode=H60&channelCode=0102&bz=0&pageSize=30&pageNo=558
559,http://www.hngp.gov.cn/henan/ggcx?appCode=H60&channelCode=0102&bz=0&pageSize=30&pageNo=559
560,http://www.hngp.gov.cn/henan/ggcx?appCode=H60&channelCode=0102&bz=0&pageSize=30&pageNo=560
561,http://www.hngp.gov.cn/henan/ggcx?appCode=H60&channelCode=0102&bz=0&pageSize=30&pageNo=561
562,http://www.hngp.gov.cn/henan/ggcx?appCode=H60&channelCode=0102&bz=0&pageSize=30&pageNo=562
563,http://www.hngp.gov.cn/henan/ggcx?appCode=H60&channelCode=0102&bz=0&pageSize=30&pageNo=563
564,http://www.hngp.gov.cn/henan/ggcx?appCode=H60&channelCode=0102&bz=0&pageSize=30&pageNo=564
565,http://www.hngp.gov.cn/henan/ggcx?appCode=H60&channelCode=0102&bz=0&pageSize=30&pageNo=565
566,http://www.hngp.gov.cn/henan/ggcx?appCode=H60&channelCode=0102&bz=0&pageSize=30&pageNo=566
567,http://www.hngp.gov.cn/henan/ggcx?appCode=H60&channelCode=0102&bz=0&pageSize=30&pageNo=567
568,http://www.hngp.gov.cn/henan/ggcx?appCode=H60&channelCode=0102&bz=0&pageSize=30&pageNo=568
569,http://www.hngp.gov.cn/henan/ggcx?appCode=H60&channelCode=0102&bz=0&pageSize=30&pageNo=569
570,http://www.hngp.gov.cn/henan/ggcx?appCode=H60&channelCode=0102&bz=0&pageSize=30&pageNo=570
571,http://www.hngp.gov.cn/henan/ggcx?appCode=H60&channelCode=0102&bz=0&pageSize=30&pageNo=571
572,http://www.hngp.gov.cn/henan/ggcx?appCode=H60&channelCode=0102&bz=0&pageSize=30&pageNo=572
573,http://www.hngp.gov.cn/henan/ggcx?appCode=H60&channelCode=0102&bz=0&pageSize=30&pageNo=573
574,http://www.hngp.gov.cn/henan/ggcx?appCode=H60&channelCode=0102&bz=0&pageSize=30&pageNo=574
575,http://www.hngp.gov.cn/henan/ggcx?appCode=H60&channelCode=0102&bz=0&pageSize=30&pageNo=575
576,http://www.hngp.gov.cn/henan/ggcx?appCode=H60&channelCode=0102&bz=0&pageSize=30&pageNo=576
577,http://www.hngp.gov.cn/henan/ggcx?appCode=H60&channelCode=0102&bz=0&pageSize=30&pageNo=577
578,http://www.hngp.gov.cn/henan/ggcx?appCode=H60&channelCode=0102&bz=0&pageSize=30&pageNo=578
579,http://www.hngp.gov.cn/henan/ggcx?appCode=H60&channelCode=0102&bz=0&pageSize=30&pageNo=579
580,http://www.hngp.gov.cn/henan/ggcx?appCode=H60&channelCode=0102&bz=0&pageSize=30&pageNo=580
581,http://www.hngp.gov.cn/henan/ggcx?appCode=H60&channelCode=0102&bz=0&pageSize=30&pageNo=581
582,http://www.hngp.gov.cn/henan/ggcx?appCode=H60&channelCode=0102&bz=0&pageSize=30&pageNo=582
583,http://www.hngp.gov.cn/henan/ggcx?appCode=H60&channelCode=0102&bz=0&pageSize=30&pageNo=583
584,http://www.hngp.gov.cn/henan/ggcx?appCode=H60&channelCode=0102&bz=0&pageSize=30&pageNo=584
585,http://www.hngp.gov.cn/henan/ggcx?appCode=H60&channelCode=0102&bz=0&pageSize=30&pageNo=585
586,http://www.hngp.gov.cn/henan/ggcx?appCode=H60&channelCode=0102&bz=0&pageSize=30&pageNo=586
587,http://www.hngp.gov.cn/henan/ggcx?appCode=H60&channelCode=0102&bz=0&pageSize=30&pageNo=587
588,http://www.hngp.gov.cn/henan/ggcx?appCode=H60&channelCode=0102&bz=0&pageSize=30&pageNo=588
589,http://www.hngp.gov.cn/henan/ggcx?appCode=H60&channelCode=0102&bz=0&pageSize=30&pageNo=589
590,http://www.hngp.gov.cn/henan/ggcx?appCode=H60&channelCode=0102&bz=0&pageSize=30&pageNo=590
591,http://www.hngp.gov.cn/henan/ggcx?appCode=H60&channelCode=0102&bz=0&pageSize=30&pageNo=591
592,http://www.hngp.gov.cn/henan/ggcx?appCode=H60&channelCode=0102&bz=0&pageSize=30&pageNo=592
593,http://www.hngp.gov.cn/henan/ggcx?appCode=H60&channelCode=0102&bz=0&pageSize=30&pageNo=593
594,http://www.hngp.gov.cn/henan/ggcx?appCode=H60&channelCode=0102&bz=0&pageSize=30&pageNo=594
595,http://www.hngp.gov.cn/henan/ggcx?appCode=H60&channelCode=0102&bz=0&pageSize=30&pageNo=595
596,http://www.hngp.gov.cn/henan/ggcx?appCode=H60&channelCode=0102&bz=0&pageSize=30&pageNo=596
597,http://www.hngp.gov.cn/henan/ggcx?appCode=H60&channelCode=0102&bz=0&pageSize=30&pageNo=597
598,http://www.hngp.gov.cn/henan/ggcx?appCode=H60&channelCode=0102&bz=0&pageSize=30&pageNo=598
599,http://www.hngp.gov.cn/henan/ggcx?appCode=H60&channelCode=0102&bz=0&pageSize=30&pageNo=599
600,http://www.hngp.gov.cn/henan/ggcx?appCode=H60&channelCode=0102&bz=0&pageSize=30&pageNo=600
601,http://www.hngp.gov.cn/henan/ggcx?appCode=H60&channelCode=0102&bz=0&pageSize=30&pageNo=601
