1,http://www.hngp.gov.cn/webfile/sanmenxia/cgxx/jggg/webinfo/2017/06/1497520715058915.htm
2,http://www.hngp.gov.cn/webfile/luoyang/zgxx/jggg/webinfo/2017/06/1497520714916047.htm
3,http://www.hngp.gov.cn/webfile/zhongmou/cgxx/jggg/webinfo/2017/06/1497520715110056.htm
4,http://www.hngp.gov.cn/webfile/zhumadian/cgxx/jggg/webinfo/2017/06/1497520714765227.htm
5,http://www.hngp.gov.cn/webfile/sanmenxia/cgxx/jggg/webinfo/2017/06/1497520714996268.htm
6,http://www.hngp.gov.cn/webfile/kaifeng/cgxx/jggg/webinfo/2017/06/1497520715008138.htm
7,http://www.hngp.gov.cn/webfile/zhongmou/cgxx/jggg/webinfo/2017/06/1497520715006562.htm
8,http://www.hngp.gov.cn/webfile/zhumadian/cgxx/jggg/webinfo/2017/06/1497520714695621.htm
9,http://www.hngp.gov.cn/webfile/zhengzhou/cgxx/jggg/webinfo/2017/06/1497520714721608.htm
10,http://www.hngp.gov.cn/webfile/pdsjx/cgxx/jggg/webinfo/2017/06/1497520714976352.htm
11,http://www.hngp.gov.cn/webfile/shangqiu/cgxx/jggg/webinfo/2017/06/1497520714675411.htm
12,http://www.hngp.gov.cn/webfile/zhoukou/cgxx/jggg/webinfo/2017/06/1497520714339117.htm
13,http://www.hngp.gov.cn/webfile/xinxiang/cgxx/jggg/webinfo/2017/06/1497520714203542.htm
14,http://www.hngp.gov.cn/webfile/zhoukou/cgxx/jggg/webinfo/2017/06/1497520714302263.htm
15,http://www.hngp.gov.cn/webfile/nanyang/cgxx/jggg/webinfo/2017/06/1497520714287156.htm
16,http://www.hngp.gov.cn/webfile/zhoukou/cgxx/jggg/webinfo/2017/06/1497520714280296.htm
17,http://www.hngp.gov.cn/webfile/anyang/cgxx/jggg/webinfo/2017/06/1497520714230386.htm
18,http://www.hngp.gov.cn/webfile/xinxiang/cgxx/jggg/webinfo/2017/06/1497520714214292.htm
19,http://www.hngp.gov.cn/webfile/zhumadian/cgxx/jggg/webinfo/2017/06/1497520714166912.htm
20,http://www.hngp.gov.cn/webfile/zhoukou/cgxx/jggg/webinfo/2017/06/1497520714194541.htm
21,http://www.hngp.gov.cn/webfile/sanmenxia/cgxx/jggg/webinfo/2017/06/1497520714095789.htm
22,http://www.hngp.gov.cn/webfile/nanyang/cgxx/jggg/webinfo/2017/06/1497520714147494.htm
23,http://www.hngp.gov.cn/webfile/huiji/cgxx/jggg/webinfo/2017/06/1497520714188829.htm
24,http://www.hngp.gov.cn/webfile/nanyang/cgxx/jggg/webinfo/2017/06/1497520714089663.htm
25,http://www.hngp.gov.cn/webfile/sanmenxia/cgxx/jggg/webinfo/2017/06/1497520714143243.htm
26,http://www.hngp.gov.cn/webfile/luoyang/zgxx/jggg/webinfo/2017/06/1497520714054942.htm
27,http://www.hngp.gov.cn/webfile/huiji/cgxx/jggg/webinfo/2017/06/1497520714160420.htm
28,http://www.hngp.gov.cn/webfile/xinxiang/cgxx/jggg/webinfo/2017/06/1497520714093695.htm
29,http://www.hngp.gov.cn/webfile/zhoukou/cgxx/jggg/webinfo/2017/06/1497520714145676.htm
30,http://www.hngp.gov.cn/webfile/zhengzhou/cgxx/jggg/webinfo/2017/06/1497520714073403.htm
31,http://www.hngp.gov.cn/webfile/sanmenxia/cgxx/jggg/webinfo/2017/06/1497520714603992.htm
32,http://www.hngp.gov.cn/webfile/zhumadian/cgxx/jggg/webinfo/2017/06/1497520713829855.htm
33,http://www.hngp.gov.cn/webfile/xinxiang/cgxx/jggg/webinfo/2017/06/1497520714449181.htm
34,http://www.hngp.gov.cn/webfile/sanmenxia/cgxx/jggg/webinfo/2017/06/1497520714541164.htm
35,http://www.hngp.gov.cn/webfile/xuchang/cgxx/jggg/webinfo/2017/06/1497520714499912.htm
36,http://www.hngp.gov.cn/webfile/puyang/cgxx/jggg/webinfo/2017/06/1497520714521643.htm
37,http://www.hngp.gov.cn/webfile/shangqiu/cgxx/jggg/webinfo/2017/06/1497520714439971.htm
38,http://www.hngp.gov.cn/webfile/zhengzhou/cgxx/jggg/webinfo/2017/06/1497520713711123.htm
39,http://www.hngp.gov.cn/webfile/nanyang/cgxx/jggg/webinfo/2017/06/1497520713745285.htm
40,http://www.hngp.gov.cn/webfile/zhumadian/cgxx/jggg/webinfo/2017/06/1497520713518065.htm
41,http://www.hngp.gov.cn/webfile/zhoukou/cgxx/jggg/webinfo/2017/06/1497520713532922.htm
42,http://www.hngp.gov.cn/webfile/nanyang/cgxx/jggg/webinfo/2017/06/1497520713667366.htm
43,http://www.hngp.gov.cn/webfile/xinxiang/cgxx/jggg/webinfo/2017/06/1497520714362236.htm
44,http://www.hngp.gov.cn/webfile/xinyang/cgxx/jggg/webinfo/2017/06/1497520713584939.htm
45,http://www.hngp.gov.cn/webfile/zhoukou/cgxx/jggg/webinfo/2017/06/1497520713565342.htm
46,http://www.hngp.gov.cn/webfile/guancheng/cgxx/jggg/webinfo/2017/06/1497520713078584.htm
47,http://www.hngp.gov.cn/webfile/pdswgs/cgxx/jggg/webinfo/2017/06/1497520713555637.htm
48,http://www.hngp.gov.cn/webfile/xuchang/cgxx/jggg/webinfo/2017/06/1497520713580509.htm
49,http://www.hngp.gov.cn/webfile/shangjie/cgxx/jggg/webinfo/2017/06/1497520713501870.htm
50,http://www.hngp.gov.cn/webfile/luoyang/zgxx/jggg/webinfo/2017/06/1497520714201870.htm
51,http://www.hngp.gov.cn/webfile/shangqiu/cgxx/jggg/webinfo/2017/06/1497520713445838.htm
52,http://www.hngp.gov.cn/webfile/xinxiang/cgxx/jggg/webinfo/2017/06/1497520714272182.htm
53,http://www.hngp.gov.cn/webfile/xuchang/cgxx/jggg/webinfo/2017/06/1497520713366360.htm
54,http://www.hngp.gov.cn/webfile/pdsjx/cgxx/jggg/webinfo/2017/06/1497520713289191.htm
55,http://www.hngp.gov.cn/webfile/zhoukou/cgxx/jggg/webinfo/2017/06/1497520713287439.htm
56,http://www.hngp.gov.cn/webfile/zhumadian/cgxx/jggg/webinfo/2017/06/1497520713879183.htm
57,http://www.hngp.gov.cn/webfile/luoyang/zgxx/jggg/webinfo/2017/06/1497520713769867.htm
58,http://www.hngp.gov.cn/webfile/zhengzhou/cgxx/jggg/webinfo/2017/06/1497520713269436.htm
59,http://www.hngp.gov.cn/webfile/huiji/cgxx/jggg/webinfo/2017/06/1497520714119502.htm
60,http://www.hngp.gov.cn/webfile/sanmenxia/cgxx/jggg/webinfo/2017/06/1497520714060486.htm
61,http://www.hngp.gov.cn/webfile/xinyang/cgxx/jggg/webinfo/2017/06/1497520713153941.htm
62,http://www.hngp.gov.cn/webfile/shangqiu/cgxx/jggg/webinfo/2017/06/1497520713083390.htm
63,http://www.hngp.gov.cn/webfile/zhengzhou/cgxx/jggg/webinfo/2017/06/1497520714046252.htm
64,http://www.hngp.gov.cn/webfile/sanmenxia/cgxx/jggg/webinfo/2017/06/1497520713888792.htm
65,http://www.hngp.gov.cn/webfile/pdslss/cgxx/jggg/webinfo/2017/06/1497520713997396.htm
66,http://www.hngp.gov.cn/webfile/zhoukou/cgxx/jggg/webinfo/2017/06/1497520712990248.htm
67,http://www.hngp.gov.cn/webfile/anyang/cgxx/jggg/webinfo/2017/06/1497520713042205.htm
68,http://www.hngp.gov.cn/webfile/zhengzhou/cgxx/jggg/webinfo/2017/06/1497520714015209.htm
69,http://www.hngp.gov.cn/webfile/zhoukou/cgxx/jggg/webinfo/2017/06/1497520713076802.htm
70,http://www.hngp.gov.cn/webfile/xinxiang/cgxx/jggg/webinfo/2017/06/1497520713062633.htm
71,http://www.hngp.gov.cn/webfile/zhumadian/cgxx/jggg/webinfo/2017/06/1497520712326284.htm
72,http://www.hngp.gov.cn/webfile/wuzhi/cgxx/jggg/webinfo/2017/06/1497520712438638.htm
73,http://www.hngp.gov.cn/webfile/zhoukou/cgxx/jggg/webinfo/2017/06/1497520712371138.htm
74,http://www.hngp.gov.cn/webfile/jiaozuo/cgxx/jggg/webinfo/2017/06/1497520712411164.htm
75,http://www.hngp.gov.cn/webfile/anyang/cgxx/jggg/webinfo/2017/06/1497520712375503.htm
76,http://www.hngp.gov.cn/webfile/gongyi/cgxx/jggg/webinfo/2017/06/1497520712254863.htm
77,http://www.hngp.gov.cn/webfile/xuchang/cgxx/jggg/webinfo/2017/06/1497520712245598.htm
78,http://www.hngp.gov.cn/webfile/huiji/cgxx/jggg/webinfo/2017/06/1497520712214704.htm
79,http://www.hngp.gov.cn/webfile/zhoukou/cgxx/jggg/webinfo/2017/06/1497520712869821.htm
80,http://www.hngp.gov.cn/webfile/zhoukou/cgxx/jggg/webinfo/2017/06/1497520712952765.htm
81,http://www.hngp.gov.cn/webfile/zhoukou/cgxx/jggg/webinfo/2017/06/1497520712234947.htm
82,http://www.hngp.gov.cn/webfile/kaifeng/cgxx/jggg/webinfo/2017/06/1497520712928563.htm
83,http://www.hngp.gov.cn/webfile/shangqiu/cgxx/jggg/webinfo/2017/06/1497520712944691.htm
84,http://www.hngp.gov.cn/webfile/zhengzhou/cgxx/jggg/webinfo/2017/06/1497520712196697.htm
85,http://www.hngp.gov.cn/webfile/sanmenxia/cgxx/jggg/webinfo/2017/06/1497520712840672.htm
86,http://www.hngp.gov.cn/webfile/luoyang/zgxx/jggg/webinfo/2017/06/1497520712918124.htm
87,http://www.hngp.gov.cn/webfile/sanmenxia/cgxx/jggg/webinfo/2017/06/1497520712864048.htm
88,http://www.hngp.gov.cn/webfile/shangqiu/cgxx/jggg/webinfo/2017/06/1497520712874407.htm
89,http://www.hngp.gov.cn/webfile/shangqiu/cgxx/jggg/webinfo/2017/06/1497520712847914.htm
90,http://www.hngp.gov.cn/webfile/sanmenxia/cgxx/jggg/webinfo/2017/06/1497520712855533.htm
