1,http://www.hngp.gov.cn/henan/ggcx?appCode=H60&channelCode=0102&pageSize=30&pageNo=1
2,http://www.hngp.gov.cn/henan/ggcx?appCode=H60&channelCode=0102&bz=0&pageSize=30&pageNo=2
3,http://www.hngp.gov.cn/henan/ggcx?appCode=H60&channelCode=0102&bz=0&pageSize=30&pageNo=3
4,http://www.hngp.gov.cn/henan/ggcx?appCode=H60&channelCode=0102&bz=0&pageSize=30&pageNo=4
5,http://www.hngp.gov.cn/henan/ggcx?appCode=H60&channelCode=0102&bz=0&pageSize=30&pageNo=5
6,http://www.hngp.gov.cn/henan/ggcx?appCode=H60&channelCode=0102&bz=0&pageSize=30&pageNo=6
7,http://www.hngp.gov.cn/henan/ggcx?appCode=H60&channelCode=0102&bz=0&pageSize=30&pageNo=7
