1,http://www.hngp.gov.cn/henan/content?infoId=1497520715058915&channelCode=H730202&bz=0
2,http://www.hngp.gov.cn/henan/content?infoId=1497520714916047&channelCode=H640102&bz=0
3,http://www.hngp.gov.cn/henan/content?infoId=1497520715110056&channelCode=D350202&bz=0
4,http://www.hngp.gov.cn/henan/content?infoId=1497520714765227&channelCode=H780602&bz=0
5,http://www.hngp.gov.cn/henan/content?infoId=1497520714996268&channelCode=H730202&bz=0
6,http://www.hngp.gov.cn/henan/content?infoId=1497520715008138&channelCode=H620102&bz=0
7,http://www.hngp.gov.cn/henan/content?infoId=1497520715006562&channelCode=D350202&bz=0
8,http://www.hngp.gov.cn/henan/content?infoId=1497520714695621&channelCode=H780602&bz=0
9,http://www.hngp.gov.cn/henan/content?infoId=1497520714721608&channelCode=H610102&bz=0
10,http://www.hngp.gov.cn/henan/content?infoId=1497520714976352&channelCode=D500202&bz=0
11,http://www.hngp.gov.cn/henan/content?infoId=1497520714675411&channelCode=H750602&bz=0
12,http://www.hngp.gov.cn/henan/content?infoId=1497520714339117&channelCode=H770602&bz=0
13,http://www.hngp.gov.cn/henan/content?infoId=1497520714203542&channelCode=H680202&bz=0
14,http://www.hngp.gov.cn/henan/content?infoId=1497520714302263&channelCode=H770602&bz=0
15,http://www.hngp.gov.cn/henan/content?infoId=1497520714287156&channelCode=H740602&bz=0
16,http://www.hngp.gov.cn/henan/content?infoId=1497520714280296&channelCode=H770602&bz=0
17,http://www.hngp.gov.cn/henan/content?infoId=1497520714230386&channelCode=H660202&bz=0
18,http://www.hngp.gov.cn/henan/content?infoId=1497520714214292&channelCode=H680202&bz=0
19,http://www.hngp.gov.cn/henan/content?infoId=1497520714166912&channelCode=H780602&bz=0
20,http://www.hngp.gov.cn/henan/content?infoId=1497520714194541&channelCode=H770602&bz=0
21,http://www.hngp.gov.cn/henan/content?infoId=1497520714095789&channelCode=H730202&bz=0
22,http://www.hngp.gov.cn/henan/content?infoId=1497520714147494&channelCode=H740602&bz=0
23,http://www.hngp.gov.cn/henan/content?infoId=1497520714188829&channelCode=D300202&bz=0
24,http://www.hngp.gov.cn/henan/content?infoId=1497520714089663&channelCode=H740602&bz=0
25,http://www.hngp.gov.cn/henan/content?infoId=1497520714143243&channelCode=H730202&bz=0
26,http://www.hngp.gov.cn/henan/content?infoId=1497520714054942&channelCode=H640102&bz=0
27,http://www.hngp.gov.cn/henan/content?infoId=1497520714160420&channelCode=D300202&bz=0
28,http://www.hngp.gov.cn/henan/content?infoId=1497520714093695&channelCode=H680202&bz=0
29,http://www.hngp.gov.cn/henan/content?infoId=1497520714145676&channelCode=H770602&bz=0
30,http://www.hngp.gov.cn/henan/content?infoId=1497520714073403&channelCode=H610102&bz=0
31,http://www.hngp.gov.cn/henan/content?infoId=1497520714603992&channelCode=H730202&bz=0
32,http://www.hngp.gov.cn/henan/content?infoId=1497520713829855&channelCode=H780602&bz=0
33,http://www.hngp.gov.cn/henan/content?infoId=1497520714449181&channelCode=H680202&bz=0
34,http://www.hngp.gov.cn/henan/content?infoId=1497520714541164&channelCode=H730202&bz=0
35,http://www.hngp.gov.cn/henan/content?infoId=1497520714499912&channelCode=H710202&bz=0
36,http://www.hngp.gov.cn/henan/content?infoId=1497520714521643&channelCode=H700202&bz=0
37,http://www.hngp.gov.cn/henan/content?infoId=1497520714439971&channelCode=H750602&bz=0
38,http://www.hngp.gov.cn/henan/content?infoId=1497520713711123&channelCode=H610102&bz=0
39,http://www.hngp.gov.cn/henan/content?infoId=1497520713745285&channelCode=H740602&bz=0
40,http://www.hngp.gov.cn/henan/content?infoId=1497520713518065&channelCode=H780602&bz=0
41,http://www.hngp.gov.cn/henan/content?infoId=1497520713532922&channelCode=H770602&bz=0
42,http://www.hngp.gov.cn/henan/content?infoId=1497520713667366&channelCode=H740602&bz=0
43,http://www.hngp.gov.cn/henan/content?infoId=1497520714362236&channelCode=H680202&bz=0
44,http://www.hngp.gov.cn/henan/content?infoId=1497520713584939&channelCode=H760602&bz=0
45,http://www.hngp.gov.cn/henan/content?infoId=1497520713565342&channelCode=H770602&bz=0
46,http://www.hngp.gov.cn/henan/content?infoId=1497520713078584&channelCode=D280202&bz=0
47,http://www.hngp.gov.cn/henan/content?infoId=1497520713555637&channelCode=D510202&bz=0
48,http://www.hngp.gov.cn/henan/content?infoId=1497520713580509&channelCode=H710202&bz=0
49,http://www.hngp.gov.cn/henan/content?infoId=1497520713501870&channelCode=D290202&bz=0
50,http://www.hngp.gov.cn/henan/content?infoId=1497520714201870&channelCode=H640102&bz=0
51,http://www.hngp.gov.cn/henan/content?infoId=1497520713445838&channelCode=H750602&bz=0
52,http://www.hngp.gov.cn/henan/content?infoId=1497520714272182&channelCode=H680202&bz=0
53,http://www.hngp.gov.cn/henan/content?infoId=1497520713366360&channelCode=H710202&bz=0
54,http://www.hngp.gov.cn/henan/content?infoId=1497520713289191&channelCode=D500202&bz=0
55,http://www.hngp.gov.cn/henan/content?infoId=1497520713287439&channelCode=H770602&bz=0
56,http://www.hngp.gov.cn/henan/content?infoId=1497520713879183&channelCode=H780602&bz=0
57,http://www.hngp.gov.cn/henan/content?infoId=1497520713769867&channelCode=H640102&bz=0
58,http://www.hngp.gov.cn/henan/content?infoId=1497520713269436&channelCode=H610102&bz=0
59,http://www.hngp.gov.cn/henan/content?infoId=1497520714119502&channelCode=D300202&bz=0
60,http://www.hngp.gov.cn/henan/content?infoId=1497520714060486&channelCode=H730202&bz=0
61,http://www.hngp.gov.cn/henan/content?infoId=1497520713153941&channelCode=H760602&bz=0
62,http://www.hngp.gov.cn/henan/content?infoId=1497520713083390&channelCode=H750602&bz=0
63,http://www.hngp.gov.cn/henan/content?infoId=1497520714046252&channelCode=H610102&bz=0
64,http://www.hngp.gov.cn/henan/content?infoId=1497520713888792&channelCode=H730202&bz=0
65,http://www.hngp.gov.cn/henan/content?infoId=1497520713997396&channelCode=D520202&bz=0
66,http://www.hngp.gov.cn/henan/content?infoId=1497520712990248&channelCode=H770602&bz=0
67,http://www.hngp.gov.cn/henan/content?infoId=1497520713042205&channelCode=H660202&bz=0
68,http://www.hngp.gov.cn/henan/content?infoId=1497520714015209&channelCode=H610102&bz=0
69,http://www.hngp.gov.cn/henan/content?infoId=1497520713076802&channelCode=H770602&bz=0
70,http://www.hngp.gov.cn/henan/content?infoId=1497520713062633&channelCode=H680202&bz=0
71,http://www.hngp.gov.cn/henan/content?infoId=1497520712326284&channelCode=H780602&bz=0
72,http://www.hngp.gov.cn/henan/content?infoId=1497520712438638&channelCode=D240202&bz=0
73,http://www.hngp.gov.cn/henan/content?infoId=1497520712371138&channelCode=H770602&bz=0
74,http://www.hngp.gov.cn/henan/content?infoId=1497520712411164&channelCode=H690202&bz=0
75,http://www.hngp.gov.cn/henan/content?infoId=1497520712375503&channelCode=H660202&bz=0
76,http://www.hngp.gov.cn/henan/content?infoId=1497520712254863&channelCode=D310202&bz=0
77,http://www.hngp.gov.cn/henan/content?infoId=1497520712245598&channelCode=H710202&bz=0
78,http://www.hngp.gov.cn/henan/content?infoId=1497520712214704&channelCode=D300202&bz=0
79,http://www.hngp.gov.cn/henan/content?infoId=1497520712869821&channelCode=H770602&bz=0
80,http://www.hngp.gov.cn/henan/content?infoId=1497520712952765&channelCode=H770602&bz=0
81,http://www.hngp.gov.cn/henan/content?infoId=1497520712234947&channelCode=H770602&bz=0
82,http://www.hngp.gov.cn/henan/content?infoId=1497520712928563&channelCode=H620102&bz=0
83,http://www.hngp.gov.cn/henan/content?infoId=1497520712944691&channelCode=H750602&bz=0
84,http://www.hngp.gov.cn/henan/content?infoId=1497520712196697&channelCode=H610102&bz=0
85,http://www.hngp.gov.cn/henan/content?infoId=1497520712840672&channelCode=H730202&bz=0
86,http://www.hngp.gov.cn/henan/content?infoId=1497520712918124&channelCode=H640102&bz=0
87,http://www.hngp.gov.cn/henan/content?infoId=1497520712864048&channelCode=H730202&bz=0
88,http://www.hngp.gov.cn/henan/content?infoId=1497520712874407&channelCode=H750602&bz=0
89,http://www.hngp.gov.cn/henan/content?infoId=1497520712847914&channelCode=H750602&bz=0
90,http://www.hngp.gov.cn/henan/content?infoId=1497520712855533&channelCode=H730202&bz=0
